studentid,judge
6,1
7,1
12,0
13,0
14,0
24,1
25,0
26,0
27,1
30,1
31,0
40,1
41,1
42,1
43,0
44,1
45,0
50,0
51,1
52,0
53,1
54,0
55,1
58,1
59,1
68,1
69,0
78,1
79,1
80,0
81,1
84,0
85,1
86,0
87,0
94,1
95,1
106,0
107,0
122,1
123,1
124,0
125,0
126,1
127,0
128,0
129,1
130,0
131,0
132,0
133,1
134,0
135,1
144,0
145,0
150,0
151,1
164,0
165,0
168,1
169,0
170,0
171,0
174,1
175,1
176,1
177,0
180,0
181,1
188,1
189,0
196,0
197,0
208,0
209,1
210,1
211,1
222,0
223,1
226,0
227,0
240,1
241,0
242,1
243,0
246,0
247,1
248,0
249,1
252,1
253,0
256,0
257,0
262,0
263,0
264,1
265,1
280,1
281,0
284,0
285,1
292,0
293,1
302,1
303,0
314,1
315,0
316,1
317,0
326,0
327,0
332,1
333,1
336,1
337,1
338,0
339,0
340,0
341,0
342,1
343,1
350,0
351,0
356,1
357,1
360,0
361,0
364,1
365,0
370,0
371,0
374,1
375,1
378,0
379,0
380,0
381,0
382,1
383,1
392,1
393,0
402,1
403,1
410,0
411,1
414,0
415,0
422,1
423,0
428,0
429,1
434,0
435,1
436,0
437,0
456,1
457,1
458,0
459,1
464,1
465,1
472,0
473,0
482,1
483,0
490,1
491,0
492,0
493,0
494,1
495,0
506,1
507,0
514,0
515,0
516,1
517,0
518,0
519,1
520,1
521,0
530,1
531,0
538,0
539,1
540,1
541,0
542,1
543,1
546,1
547,1
548,1
549,1
554,1
555,1
556,1
557,0
560,0
561,0
568,1
569,0
590,0
591,0
600,0
601,0
622,1
623,0
628,0
629,1
632,1
633,1
638,0
639,0
644,0
645,0
652,1
653,1
656,1
657,0
660,0
661,0
666,0
667,0
670,1
671,1
672,0
673,0
676,1
677,1
688,0
689,1
698,1
699,0
700,0
701,0
702,1
703,0
704,0
705,1
716,0
717,1
720,0
721,1
722,1
723,1
724,1
725,0
726,1
727,0
752,0
753,0
760,1
761,0
764,0
765,1
768,0
769,1
778,1
779,1
780,0
781,1
782,1
783,0
784,1
785,0
792,0
793,0
794,1
795,0
806,0
807,1
812,0
813,1
814,0
815,0
818,1
819,1
828,1
829,0
836,0
837,0
838,0
839,1
856,0
857,1
862,1
863,1
866,0
867,1
870,1
871,1
872,1
873,0
874,0
875,0
876,1
877,0
880,0
881,1
884,1
885,1
888,0
889,1
892,0
893,1
904,1
905,1
906,1
907,0
910,1
911,0
912,0
913,1
918,0
919,0
920,1
921,1
926,1
927,0
930,1
931,1
962,1
963,0
964,1
965,1
968,1
969,1
972,0
973,0
976,0
977,0
986,0
987,0
1004,0
1005,1
1014,1
1015,1
1018,0
1019,0
1028,1
1029,0
1032,1
1033,1
1034,0
1035,1
1042,0
1043,1
1056,0
1057,0
1072,0
1073,1
1076,0
1077,0
1086,0
1087,0
1090,1
1091,0
1094,0
1095,1
1100,0
1101,1
1104,0
1105,1
1106,0
1107,0
1112,0
1113,0
1114,0
1115,0
1116,1
1117,1
1122,1
1123,1
1126,1
1127,1
1146,0
1147,0
1148,1
1149,0
1158,0
1159,1
1160,1
1161,0
1162,0
1163,1
1164,0
1165,1
1178,0
1179,1
1180,1
1181,1
1188,1
1189,0
1190,1
1191,0
1194,0
1195,1
1230,0
1231,0
1234,1
1235,0
1238,1
1239,1
1244,0
1245,1
1250,0
1251,0
1262,0
1263,1
1274,1
1275,1
1276,1
1277,1
1280,0
1281,0
1292,0
1293,0
1298,1
1299,1
1310,0
1311,0
1314,1
1315,1
1316,0
1317,1
1322,0
1323,0
1336,1
1337,0
1340,0
1341,1
1344,0
1345,0
1346,0
1347,1
1356,0
1357,0
1362,1
1363,1
1368,1
1369,1
1370,1
1371,0
1374,0
1375,0
1376,1
1377,1
1380,0
1381,1
1388,0
1389,0
1390,1
1391,1
1398,0
1399,1
1400,0
1401,0
1402,0
1403,1
1404,0
1405,1
1412,1
1413,1
1418,0
1419,0
1420,1
1421,0
1422,1
1423,0
1424,0
1425,1
1428,0
1429,0
1432,0
1433,0
1436,0
1437,1
1442,1
1443,1
1444,1
1445,1
1446,1
1447,1
1450,0
1451,0
1456,1
1457,0
1458,1
1459,0
1462,0
1463,1
1466,0
1467,0
1468,1
1469,0
1472,0
1473,0
1482,0
1483,1
1484,1
1485,1
1490,0
1491,0
1492,1
1493,1
1496,1
1497,0
1508,1
1509,1
1510,1
1511,1
1516,0
1517,0
1526,1
1527,0
1544,1
1545,0
1546,0
1547,0
1558,1
1559,0
1560,1
1561,1
1566,0
1567,1
1572,1
1573,1
1574,1
1575,0
1578,1
1579,1
1586,0
1587,1
1588,0
1589,1
1596,0
1597,1
1600,1
1601,0
1606,0
1607,0
1608,0
1609,0
1616,0
1617,0
1618,1
1619,1
1624,1
1625,1
1636,0
1637,1
1638,0
1639,0
1644,1
1645,0
1646,0
1647,0
1658,0
1659,1
1668,0
1669,1
1690,1
1691,0
1692,0
1693,0
1700,1
1701,0
1702,1
1703,0
1704,0
1705,1
1706,1
1707,1
1708,1
1709,1
1710,1
1711,1
1718,0
1719,0
1726,1
1727,1
1728,1
1729,0
1736,0
1737,1
1738,0
1739,1
1740,0
1741,0
1762,1
1763,0
1764,1
1765,0
1766,1
1767,1
1768,1
1769,1
1772,0
1773,1
1774,0
1775,0
1776,0
1777,1
1778,0
1779,0
1784,1
1785,0
1786,0
1787,1
1808,0
1809,1
1810,1
1811,0
1814,0
1815,1
1816,1
1817,0
1818,0
1819,1
1820,1
1821,1
1826,1
1827,1
1830,0
1831,0
1838,0
1839,0
1846,1
1847,0
1852,0
1853,1
1854,0
1855,0
1858,0
1859,1
1860,0
1861,0
1864,0
1865,1
1882,0
1883,1
1894,0
1895,0
1896,1
1897,1
1898,0
1899,0
1908,1
1909,1
1912,0
1913,1
1916,0
1917,1
1920,1
1921,0
1922,1
1923,0
1930,0
1931,0
1934,1
1935,0
1936,0
1937,0
1940,1
1941,0
1952,0
1953,1
1958,1
1959,0
1960,0
1961,0
1962,1
1963,0
1976,1
1977,1
1978,0
1979,0
1988,1
1989,1
1992,0
1993,0
2000,1
2001,1
2008,1
2009,0
2010,1
2011,1
2012,1
2013,1
2016,0
2017,0
2020,1
2021,0
2022,1
2023,1
2028,0
2029,1
2040,1
2041,0
2042,0
2043,0
2046,0
2047,1
2050,1
2051,0
2054,1
2055,0
2058,0
2059,0
2074,0
2075,1
2080,1
2081,0
2082,1
2083,1
2084,1
2085,1
2086,0
2087,1
2098,1
2099,1
2104,1
2105,0
2106,0
2107,1
2108,1
2109,0
2114,1
2115,0
2116,1
2117,1
2118,0
2119,1
2120,0
2121,0
2136,1
2137,1
2140,1
2141,0
2146,0
2147,1
2150,0
2151,1
2152,0
2153,1
2154,1
2155,0
2158,0
2159,0
2160,0
2161,0
2166,1
2167,1
2172,0
2173,1
2174,0
2175,0
2176,0
2177,1
2182,1
2183,0
2186,1
2187,0
2188,0
2189,1
2194,1
2195,1
2200,1
2201,0
2202,1
2203,1
2204,1
2205,1
2210,1
2211,1
2212,1
2213,1
2216,1
2217,0
2220,1
2221,0
2226,0
2227,1
2238,1
2239,1
2240,1
2241,0
2242,0
2243,1
2254,1
2255,0
2258,0
2259,0
2260,0
2261,1
2262,1
2263,0
2276,0
2277,1
2282,1
2283,0
2288,1
2289,1
2290,0
2291,1
2300,0
2301,0
2312,0
2313,1
2324,1
2325,1
2326,0
2327,0
2328,0
2329,1
2330,1
2331,0
2336,0
2337,1
2338,1
2339,0
2342,0
2343,1
2344,0
2345,1
2346,1
2347,0
2352,0
2353,0
2360,1
2361,1
2376,0
2377,1
2378,1
2379,1
2386,0
2387,1
2394,0
2395,1
2398,1
2399,0
2404,1
2405,1
2406,0
2407,0
2412,0
2413,1
2414,0
2415,1
2420,0
2421,0
2426,0
2427,0
2436,0
2437,0
2446,1
2447,0
2450,1
2451,0
2470,1
2471,0
2488,0
2489,0
2496,1
2497,0
2502,1
2503,1
2506,0
2507,1
2512,1
2513,1
2514,0
2515,1
2526,0
2527,1
2528,0
2529,0
2534,0
2535,0
2536,1
2537,1
2544,1
2545,0
2546,1
2547,0
2548,1
2549,1
2554,1
2555,0
2560,1
2561,0
2564,1
2565,1
2566,1
2567,1
2568,0
2569,0
2574,0
2575,0
2588,0
2589,0
2590,1
2591,0
2592,0
2593,1
2596,0
2597,0
2600,0
2601,1
2602,1
2603,0
2608,0
2609,1
2610,1
2611,1
2618,0
2619,1
2620,1
2621,0
2624,0
2625,1
2634,0
2635,0
2640,0
2641,1
2642,0
2643,1
2646,1
2647,1
2650,1
2651,1
2652,1
2653,1
2670,0
2671,0
2684,0
2685,1
2686,0
2687,0
2698,0
2699,0
2702,1
2703,0
2714,0
2715,1
2716,1
2717,1
2724,1
2725,0
2726,1
2727,0
2736,0
2737,1
2744,1
2745,1
2750,1
2751,0
2752,0
2753,0
2754,0
2755,0
2762,0
2763,1
2768,1
2769,0
2770,1
2771,0
2772,0
2773,1
2778,0
2779,1
2784,0
2785,0
2786,1
2787,0
2792,0
2793,1
2794,0
2795,0
2796,0
2797,0
2798,0
2799,1
2800,0
2801,0
2804,1
2805,1
2808,0
2809,0
2820,1
2821,0
2822,0
2823,1
2830,0
2831,1
2840,0
2841,0
2842,1
2843,0
2844,0
2845,0
2848,1
2849,1
2850,1
2851,0
2852,1
2853,1
2886,0
2887,0
2890,0
2891,0
2892,0
2893,0
2900,1
2901,0
2918,0
2919,1
2936,1
2937,1
2940,1
2941,1
2942,1
2943,0
2950,0
2951,0
2964,0
2965,1
2966,1
2967,0
2986,1
2987,1
2988,1
2989,0
3000,1
3001,0
3006,1
3007,1
3008,1
3009,0
3022,0
3023,1
3030,1
3031,0
3036,1
3037,1
3044,1
3045,0
3050,1
3051,1
3052,1
3053,0
3054,1
3055,1
3058,0
3059,1
3060,0
3061,0
3064,1
3065,0
3066,1
3067,1
3068,1
3069,1
3072,1
3073,1
3074,0
3075,0
3082,0
3083,1
3088,1
3089,0
3098,1
3099,0
3102,1
3103,0
3106,1
3107,0
3108,1
3109,1
3128,0
3129,0
3134,1
3135,0
3136,1
3137,0
3138,0
3139,1
3140,0
3141,0
3142,1
3143,0
3154,0
3155,0
3172,1
3173,0
3174,1
3175,0
3176,0
3177,1
3184,1
3185,0
3192,0
3193,0
3202,1
3203,1
3208,1
3209,0
3234,1
3235,1
3242,0
3243,1
3262,1
3263,1
3268,0
3269,1
3278,0
3279,0
3280,0
3281,1
3282,1
3283,0
3306,1
3307,1
3314,1
3315,1
3320,0
3321,0
3334,0
3335,0
3336,1
3337,1
3338,1
3339,0
3342,0
3343,0
3354,0
3355,1
3356,1
3357,1
3360,0
3361,1
3366,1
3367,1
3368,0
3369,1
3370,1
3371,0
3398,1
3399,0
3414,0
3415,0
3422,1
3423,1
3428,0
3429,0
3432,0
3433,0
3434,1
3435,1
3438,1
3439,0
3452,1
3453,1
3454,1
3455,0
3466,1
3467,0
3476,1
3477,1
3478,1
3479,1
3480,1
3481,0
3484,0
3485,0
3494,0
3495,1
3498,1
3499,0
3502,1
3503,1
3504,0
3505,0
3508,1
3509,1
3514,1
3515,0
3526,1
3527,1
3528,1
3529,1
3536,1
3537,1
3544,0
3545,0
3548,1
3549,1
3550,1
3551,1
3552,0
3553,0
3554,0
3555,0
3558,0
3559,1
3562,1
3563,1
3570,0
3571,0
3574,1
3575,1
3586,1
3587,0
3592,0
3593,1
3606,0
3607,0
3610,1
3611,1
3612,1
3613,0
3616,0
3617,0
3618,1
3619,1
3622,1
3623,1
3630,1
3631,0
3634,0
3635,1
3654,1
3655,0
3662,1
3663,1
3672,0
3673,0
3676,0
3677,1
3678,0
3679,1
3680,0
3681,0
3688,0
3689,0
3720,0
3721,0
3722,1
3723,0
3730,1
3731,1
3734,0
3735,1
3736,0
3737,1
3740,1
3741,0
3746,1
3747,0
3748,1
3749,0
3752,1
3753,1
3758,0
3759,1
3770,0
3771,0
3788,1
3789,0
3792,0
3793,0
3794,1
3795,0
3798,1
3799,0
3806,0
3807,0
3810,0
3811,1
3814,1
3815,0
3820,1
3821,0
3836,0
3837,0
3842,0
3843,1
3848,0
3849,1
3854,0
3855,0
3856,1
3857,1
3864,1
3865,1
3866,0
3867,0
3868,0
3869,0
3880,1
3881,1
3884,1
3885,0
3886,1
3887,0
3888,1
3889,0
3890,0
3891,0
3894,1
3895,1
3900,0
3901,0
3906,1
3907,0
3908,1
3909,0
3924,1
3925,1
3926,1
3927,1
3928,0
3929,1
3932,1
3933,0
3934,0
3935,0
3936,1
3937,0
3938,0
3939,1
3940,1
3941,1
3942,1
3943,1
3952,0
3953,0
3956,1
3957,0
3966,1
3967,1
3970,0
3971,1
3974,0
3975,1
3976,1
3977,0
3994,1
3995,0
3996,0
3997,0
4000,1
4001,1
4006,1
4007,0
4010,1
4011,1
4012,1
4013,0
4018,0
4019,0
4026,0
4027,1
4038,0
4039,1
4044,1
4045,0
4048,0
4049,1
4054,0
4055,1
4056,0
4057,1
4058,0
4059,1
4060,1
4061,1
4062,0
4063,1
4064,1
4065,0
4076,1
4077,0
4080,0
4081,1
4086,1
4087,1
4088,1
4089,1
4094,1
4095,1
4096,0
4097,1
4098,0
4099,0
4100,0
4101,0
4102,0
4103,1
4104,1
4105,1
4108,1
4109,0
4110,1
4111,1
4114,1
4115,1
4118,0
4119,0
4120,1
4121,1
4124,1
4125,1
4128,0
4129,1
4130,0
4131,0
4134,1
4135,1
4138,0
4139,1
4146,1
4147,1
4148,1
4149,0
4150,1
4151,1
4152,1
4153,1
4156,1
4157,0
4158,1
4159,1
4168,1
4169,1
4170,1
4171,1
4174,1
4175,1
4180,0
4181,1
4184,1
4185,1
4200,1
4201,1
4204,1
4205,0
4206,1
4207,0
4208,1
4209,0
4212,0
4213,1
4218,1
4219,0
4220,1
4221,1
4222,1
4223,1
4224,0
4225,0
4226,0
4227,1
4228,1
4229,1
4234,0
4235,1
4240,0
4241,0
4252,0
4253,1
4260,0
4261,1
4270,0
4271,0
4272,0
4273,0
4276,0
4277,0
4278,1
4279,1
4280,0
4281,1
4284,1
4285,1
4288,1
4289,0
4296,1
4297,0
4300,1
4301,0
4302,1
4303,1
4304,1
4305,1
4310,0
4311,0
4312,0
4313,1
4316,1
4317,0
4318,0
4319,1
4328,0
4329,0
4330,0
4331,0
4334,1
4335,1
4338,0
4339,0
4340,0
4341,0
4342,1
4343,1
4346,0
4347,1
4352,0
4353,0
4358,1
4359,0
4360,0
4361,0
4368,1
4369,1
4378,0
4379,1
4384,1
4385,0
4392,0
4393,0
4406,1
4407,0
4412,1
4413,1
4414,0
4415,1
4430,1
4431,1
4438,0
4439,1
4440,0
4441,0
4444,1
4445,0
4446,1
4447,1
4450,1
4451,0
4466,0
4467,0
4468,0
4469,1
4470,1
4471,1
4474,0
4475,0
4486,0
4487,0
4490,1
4491,1
4492,1
4493,0
4508,0
4509,0
4518,0
4519,1
4520,1
4521,0
4522,0
4523,0
4526,1
4527,1
4534,0
4535,0
4554,0
4555,1
4562,1
4563,0
4574,0
4575,1
4580,1
4581,1
4582,0
4583,0
4588,0
4589,0
4598,0
4599,1
4600,1
4601,1
4624,1
4625,0
4630,0
4631,0
4632,0
4633,1
4638,0
4639,1
4640,1
4641,0
4642,1
4643,1
4650,1
4651,1
4652,1
4653,0
4660,1
4661,0
4672,0
4673,0
4684,0
4685,1
4686,0
4687,1
4706,1
4707,0
4716,1
4717,1
4720,1
4721,0
4722,0
4723,0
4726,1
4727,0
4728,0
4729,1
4736,1
4737,0
4738,0
4739,1
4740,0
4741,1
4744,1
4745,1
4754,0
4755,1
4756,0
4757,1
4762,1
4763,1
4768,0
4769,1
4772,0
4773,1
4782,0
4783,0
4786,1
4787,0
4790,0
4791,1
4806,0
4807,0
4810,1
4811,0
4816,0
4817,1
4820,1
4821,0
4824,0
4825,0
4832,0
4833,1
4834,0
4835,1
4842,1
4843,0
4852,1
4853,0
4854,1
4855,1
4856,0
4857,1
4870,0
4871,0
4874,0
4875,1
4884,0
4885,0
4886,0
4887,0
4890,0
4891,0
4896,1
4897,0
4902,1
4903,0
4904,1
4905,0
4906,0
4907,0
4914,1
4915,1
4920,0
4921,1
4930,1
4931,1
4932,1
4933,1
4950,1
4951,0
4952,1
4953,0
4962,1
4963,0
4964,1
4965,1
4974,1
4975,0
4980,0
4981,1
4982,1
4983,0
4986,0
4987,1
4992,0
4993,0
4994,1
4995,0
5018,0
5019,1
5036,0
5037,1
5042,0
5043,0
5046,1
5047,0
5050,1
5051,0
5052,0
5053,0
5054,0
5055,0
5058,0
5059,1
5060,0
5061,0
5062,1
5063,1
5070,0
5071,1
5074,1
5075,1
5084,1
5085,0
5088,0
5089,0
5092,0
5093,0
5106,1
5107,1
5110,0
5111,0
5112,1
5113,1
5124,1
5125,1
5126,0
5127,0
5130,1
5131,1
5138,1
5139,0
5146,1
5147,0
5152,0
5153,0
5154,1
5155,0
5156,0
5157,1
5158,0
5159,0
5160,1
5161,1
5162,1
5163,1
5166,0
5167,0
5174,0
5175,1
5176,0
5177,0
5178,0
5179,0
5180,0
5181,0
5188,0
5189,1
5200,0
5201,0
5206,0
5207,1
5216,1
5217,1
5230,1
5231,1
5236,1
5237,1
5266,0
5267,1
5278,0
5279,1
5284,0
5285,1
5286,1
5287,1
5294,0
5295,0
5296,0
5297,0
5298,1
5299,0
5302,0
5303,0
5306,1
5307,1
5310,0
5311,0
5324,1
5325,0
5328,0
5329,0
5336,1
5337,0
5340,1
5341,1
5348,0
5349,0
5350,1
5351,0
5360,1
5361,1
5364,1
5365,0
5366,0
5367,1
5370,1
5371,0
5378,0
5379,0
5380,0
5381,1
5392,0
5393,0
5396,1
5397,0
5400,1
5401,1
5402,0
5403,0
5406,0
5407,0
5410,0
5411,0
5412,1
5413,1
5426,0
5427,0
5442,1
5443,1
5448,1
5449,1
5450,0
5451,0
5454,1
5455,0
5458,0
5459,1
5464,1
5465,0
5466,1
5467,0
5476,0
5477,0
5480,0
5481,0
5484,0
5485,1
5496,0
5497,0
5504,0
5505,0
5506,0
5507,1
5512,0
5513,0
5516,0
5517,1
5522,1
5523,1
5524,0
5525,0
5526,0
5527,0
5530,1
5531,1
5534,0
5535,1
5538,1
5539,0
5540,1
5541,0
5542,0
5543,0
5546,0
5547,1
5556,1
5557,1
5560,0
5561,1
5562,0
5563,1
5568,0
5569,0
5572,0
5573,0
5586,1
5587,0
5592,1
5593,0
5596,0
5597,1
5602,0
5603,0
5612,0
5613,0
5614,0
5615,1
5622,0
5623,0
5624,0
5625,1
5626,1
5627,1
5630,0
5631,1
5636,1
5637,0
5638,0
5639,0
5640,1
5641,1
5642,1
5643,0
5656,0
5657,1
5660,1
5661,1
5668,1
5669,0
5674,1
5675,1
5678,1
5679,1
5684,1
5685,0
5688,0
5689,1
5694,1
5695,0
5698,0
5699,1
5716,0
5717,1
5736,1
5737,0
5738,0
5739,0
5740,0
5741,0
5742,1
5743,0
5748,1
5749,0
5768,0
5769,0
5788,1
5789,1
5798,0
5799,0
5802,1
5803,1
5804,0
5805,0
5806,1
5807,1
5810,0
5811,1
5820,1
5821,0
5828,0
5829,0
5836,1
5837,1
5852,1
5853,1
5854,1
5855,0
5856,0
5857,1
5860,1
5861,0
5868,1
5869,0
5880,0
5881,0
5888,0
5889,1
5890,1
5891,0
5894,1
5895,1
5906,0
5907,0
5910,1
5911,1
5916,1
5917,1
5928,1
5929,0
5930,0
5931,1
5948,0
5949,0
5950,1
5951,0
5960,0
5961,1
5962,0
5963,1
5970,1
5971,0
5980,0
5981,1
5986,1
5987,0
5988,0
5989,1
5998,0
5999,0
6000,0
6001,1
6014,0
6015,1
6018,1
6019,1
6026,0
6027,1
6030,1
6031,1
6034,0
6035,1
6048,0
6049,1
6050,1
6051,0
6052,0
6053,1
6056,0
6057,0
6058,0
6059,1
6060,0
6061,1
6062,1
6063,0
6084,0
6085,0
6088,1
6089,0
6092,1
6093,0
6094,0
6095,1
6096,1
6097,1
6108,0
6109,1
6110,0
6111,1
6114,0
6115,0
6118,0
6119,1
6122,0
6123,0
6130,0
6131,0
6140,0
6141,0
6152,1
6153,0
6158,1
6159,0
6162,1
6163,0
6164,0
6165,0
6166,0
6167,0
6174,0
6175,1
6186,0
6187,1
6188,0
6189,1
6194,0
6195,1
6208,0
6209,1
6216,1
6217,1
6222,0
6223,0
6226,1
6227,0
6228,0
6229,1
6238,1
6239,1
6240,1
6241,0
6246,0
6247,0
6256,1
6257,1
6258,0
6259,1
6264,1
6265,0
6270,1
6271,0
6272,1
6273,1
6274,0
6275,0
6280,1
6281,0
6284,1
6285,0
6286,0
6287,1
6294,1
6295,0
6298,1
6299,0
6300,1
6301,1
6308,1
6309,0
6310,1
6311,1
6314,0
6315,1
6318,1
6319,0
6324,0
6325,0
6326,1
6327,1
6328,1
6329,1
6330,1
6331,0
6334,1
6335,1
6336,0
6337,1
6340,1
6341,0
6350,1
6351,1
6354,1
6355,1
6364,1
6365,1
6378,1
6379,0
6380,0
6381,1
6384,0
6385,1
6388,0
6389,0
6398,1
6399,1
6402,1
6403,0
6404,1
6405,0
6414,0
6415,0
6416,0
6417,0
6418,1
6419,0
6422,0
6423,1
6432,0
6433,1
6434,1
6435,0
6436,1
6437,0
6448,0
6449,0
6452,0
6453,0
6470,1
6471,1
6490,1
6491,1
6494,0
6495,1
6498,1
6499,0
6500,0
6501,0
6502,0
6503,1
6514,1
6515,1
6516,1
6517,1
6522,0
6523,0
6528,0
6529,0
6530,1
6531,0
6536,1
6537,0
6538,0
6539,1
6542,1
6543,0
6548,1
6549,1
6556,0
6557,0
6558,0
6559,0
6560,1
6561,0
6568,0
6569,0
6570,1
6571,1
6576,0
6577,1
6580,1
6581,1
6582,0
6583,0
6586,1
6587,0
6602,0
6603,0
6606,1
6607,0
6608,1
6609,0
6612,1
6613,0
6616,1
6617,0
6618,0
6619,0
6622,1
6623,0
6632,0
6633,1
6634,1
6635,1
6638,1
6639,0
6640,1
6641,0
6644,0
6645,0
6658,1
6659,1
6664,0
6665,0
6674,0
6675,1
6676,0
6677,1
6684,1
6685,0
6688,0
6689,1
6690,0
6691,0
6692,1
6693,1
6698,1
6699,1
6700,1
6701,0
6704,0
6705,0
6706,0
6707,0
6712,0
6713,1
6724,0
6725,0
6726,0
6727,1
6732,1
6733,0
6734,0
6735,1
6742,1
6743,1
6744,0
6745,1
6746,1
6747,0
6752,1
6753,1
6758,0
6759,1
6766,1
6767,1
6776,1
6777,1
6780,1
6781,1
6782,0
6783,0
6794,0
6795,1
6796,0
6797,1
6810,0
6811,0
6812,0
6813,1
6814,0
6815,1
6818,1
6819,1
6842,1
6843,1
6848,0
6849,0
6850,0
6851,0
6852,1
6853,1
6854,0
6855,1
6860,0
6861,1
6864,1
6865,0
6866,0
6867,1
6868,1
6869,1
6870,0
6871,0
6878,0
6879,0
6888,1
6889,0
6908,1
6909,0
6910,0
6911,0
6912,1
6913,0
6914,0
6915,0
6918,1
6919,1
6934,1
6935,0
6936,1
6937,0
6938,1
6939,1
6940,1
6941,1
6946,0
6947,1
6948,1
6949,1
6952,1
6953,1
6954,1
6955,1
6958,0
6959,0
6962,0
6963,1
6968,1
6969,1
6976,0
6977,0
6986,0
6987,0
7000,1
7001,1
7002,1
7003,0
7006,0
7007,0
7012,1
7013,0
7018,1
7019,1
7024,0
7025,1
7030,1
7031,1
7036,0
7037,1
7048,0
7049,1
7050,0
7051,0
7052,1
7053,1
7054,0
7055,0
7058,1
7059,0
7064,0
7065,0
7074,1
7075,1
7076,1
7077,1
7090,0
7091,1
7092,1
7093,0
7104,0
7105,0
7110,1
7111,0
7112,1
7113,0
7118,1
7119,0
7120,1
7121,1
7130,1
7131,0
7132,1
7133,1
7138,1
7139,1
7140,1
7141,0
7146,1
7147,1
7148,0
7149,1
7150,1
7151,0
7172,1
7173,1
7174,0
7175,0
7188,1
7189,0
7194,1
7195,0
7196,1
7197,0
7200,0
7201,1
7206,1
7207,0
7210,0
7211,1
7212,0
7213,0
7214,0
7215,1
7224,0
7225,0
7226,1
7227,0
7238,1
7239,0
7246,1
7247,0
7248,0
7249,0
7276,1
7277,1
7284,1
7285,0
7286,0
7287,0
7290,1
7291,1
7302,0
7303,1
7304,0
7305,1
7306,1
7307,0
7308,1
7309,1
7316,1
7317,0
7320,0
7321,0
7322,0
7323,1
7328,1
7329,0
7330,1
7331,1
7344,0
7345,0
7352,1
7353,1
7358,0
7359,1
7362,0
7363,1
7364,0
7365,0
7366,0
7367,0
7368,0
7369,1
7374,0
7375,0
7380,1
7381,1
7394,1
7395,0
7398,0
7399,0
7400,1
7401,1
7404,0
7405,1
7408,0
7409,1
7414,0
7415,1
7424,0
7425,1
7436,0
7437,1
7438,1
7439,0
7444,1
7445,1
7448,0
7449,0
7454,0
7455,1
7456,1
7457,0
7462,1
7463,0
7464,0
7465,0
7472,1
7473,1
7482,0
7483,0
7494,0
7495,0
7496,1
7497,1
7498,1
7499,1
7506,0
7507,1
7508,0
7509,0
7510,0
7511,0
7512,1
7513,1
7514,0
7515,0
7526,1
7527,1
7530,0
7531,0
7538,1
7539,1
7542,1
7543,0
7546,0
7547,0
7554,1
7555,0
7558,0
7559,1
7560,1
7561,0
7562,1
7563,1
7564,0
7565,1
7580,1
7581,0
7582,1
7583,0
7584,1
7585,1
7596,0
7597,0
7598,1
7599,1
7600,1
7601,0
7602,0
7603,1
7604,0
7605,1
7608,0
7609,1
7614,1
7615,0
7622,1
7623,0
7626,0
7627,0
7628,0
7629,1
7638,0
7639,1
7652,0
7653,0
7654,1
7655,0
7662,0
7663,0
7668,0
7669,0
7682,1
7683,0
7684,0
7685,0
7692,0
7693,1
7696,0
7697,0
7698,1
7699,0
7704,0
7705,1
7710,1
7711,0
7716,1
7717,1
7720,1
7721,0
7726,0
7727,1
7744,0
7745,1
7752,1
7753,0
7758,1
7759,1
7760,1
7761,1
7768,1
7769,1
7774,0
7775,1
7780,0
7781,1
7782,0
7783,0
7784,1
7785,1
7786,1
7787,1
7790,1
7791,0
7792,0
7793,0
7798,1
7799,0
7806,0
7807,1
7810,1
7811,1
7814,0
7815,1
7816,1
7817,0
7818,0
7819,0
7820,1
7821,0
7836,0
7837,0
7850,1
7851,0
7858,1
7859,0
7860,1
7861,0
7866,0
7867,0
7868,1
7869,1
7876,1
7877,0
7878,0
7879,1
7884,1
7885,1
7890,0
7891,1
7894,0
7895,0
7902,0
7903,1
7904,0
7905,1
7916,0
7917,1
7924,0
7925,0
7926,1
7927,1
7928,0
7929,1
7936,0
7937,0
7952,1
7953,0
7966,0
7967,0
7970,1
7971,0
7988,1
7989,1
7992,0
7993,0
7996,0
7997,1
8012,1
8013,1
8034,0
8035,1
8042,1
8043,1
8044,1
8045,0
8046,0
8047,1
8068,1
8069,1
8072,0
8073,0
8074,0
8075,0
8076,1
8077,0
8078,1
8079,0
8096,0
8097,0
8112,1
8113,1
8116,1
8117,0
8126,1
8127,1
8132,1
8133,1
8134,1
8135,0
8140,0
8141,1
8144,0
8145,1
8148,0
8149,0
8150,0
8151,1
8152,1
8153,1
8164,1
8165,1
8168,0
8169,0
8170,0
8171,0
8186,1
8187,0
8188,1
8189,1
8192,0
8193,0
8194,1
8195,0
8198,0
8199,1
8202,1
8203,1
8210,1
8211,0
8212,0
8213,0
8216,1
8217,1
8220,1
8221,0
8224,1
8225,1
8226,1
8227,0
8228,1
8229,0
8230,0
8231,1
8234,0
8235,1
8236,1
8237,1
8244,1
8245,1
8258,0
8259,0
8260,1
8261,0
8264,0
8265,0
8280,0
8281,1
8292,0
8293,0
8298,0
8299,0
8302,0
8303,0
8304,1
8305,0
8306,1
8307,1
8312,0
8313,0
8318,1
8319,0
8320,1
8321,0
8324,0
8325,0
8334,0
8335,0
8336,0
8337,0
8338,0
8339,1
8348,1
8349,1
8350,1
8351,0
8356,0
8357,1
8360,1
8361,0
8362,1
8363,0
8370,0
8371,0
8372,1
8373,1
8374,0
8375,0
8376,0
8377,1
8380,0
8381,0
8382,0
8383,1
8388,0
8389,0
8390,1
8391,0
8410,1
8411,0
8416,1
8417,0
8420,1
8421,1
8430,0
8431,1
8438,1
8439,1
8440,1
8441,0
8442,0
8443,1
8446,0
8447,1
8474,1
8475,1
8476,1
8477,1
8490,0
8491,1
8494,0
8495,0
8504,0
8505,1
8512,1
8513,1
8516,0
8517,1
8518,0
8519,0
8530,0
8531,0
8540,1
8541,1
8544,1
8545,0
8546,0
8547,0
8552,0
8553,1
8556,0
8557,1
8562,0
8563,1
8568,1
8569,1
8576,1
8577,1
8578,0
8579,0
8584,0
8585,1
8588,0
8589,1
8590,0
8591,0
8606,0
8607,0
8608,0
8609,1
8610,0
8611,0
8612,1
8613,0
8616,1
8617,0
8618,1
8619,1
8628,1
8629,1
8634,0
8635,1
8656,0
8657,1
8666,1
8667,1
8668,1
8669,0
8672,1
8673,0
8674,1
8675,0
8680,0
8681,0
8694,0
8695,0
8700,1
8701,1
8710,0
8711,1
8718,1
8719,0
8720,0
8721,0
8724,1
8725,0
8732,0
8733,1
8734,0
8735,0
8752,0
8753,1
8758,0
8759,1
8762,0
8763,1
8764,1
8765,0
8768,0
8769,0
8780,1
8781,0
8784,0
8785,0
8788,1
8789,0
8792,0
8793,1
8802,1
8803,1
8808,1
8809,0
8814,1
8815,1
8816,0
8817,0
8818,0
8819,0
8820,1
8821,0
8822,0
8823,1
8826,0
8827,0
8832,1
8833,1
8834,0
8835,0
8846,1
8847,0
8860,1
8861,1
8864,0
8865,1
8868,1
8869,1
8870,1
8871,0
8872,0
8873,0
8874,0
8875,1
8880,1
8881,0
8882,0
8883,1
8886,0
8887,0
8890,1
8891,1
8898,1
8899,1
8906,0
8907,1
8928,0
8929,0
8930,1
8931,1
8946,0
8947,1
8948,1
8949,0
8952,1
8953,0
8960,0
8961,0
8972,1
8973,0
8974,0
8975,0
8976,1
8977,1
8980,0
8981,0
8988,0
8989,0
8992,0
8993,1
8994,0
8995,1
8996,1
8997,1
8998,0
8999,0
9000,1
9001,0
9004,0
9005,1
9010,0
9011,0
9012,0
9013,1
9016,0
9017,0
9028,1
9029,0
9032,0
9033,0
9034,1
9035,0
9038,0
9039,0
9044,1
9045,0
9048,1
9049,1
9050,0
9051,0
9062,0
9063,1
9064,0
9065,1
9068,1
9069,0
9072,0
9073,0
9074,0
9075,0
9082,0
9083,1
9098,1
9099,0
9102,0
9103,0
9114,0
9115,1
9116,1
9117,1
9118,1
9119,0
9120,1
9121,0
9122,1
9123,1
9126,0
9127,1
9134,1
9135,1
9142,0
9143,0
9150,0
9151,0
9158,1
9159,1
9174,0
9175,0
9178,0
9179,1
9184,0
9185,1
9186,0
9187,0
9188,1
9189,1
9196,0
9197,1
9198,1
9199,1
9200,0
9201,0
9206,0
9207,0
9214,0
9215,0
9220,1
9221,1
9230,1
9231,1
9234,1
9235,1
9238,0
9239,0
9250,0
9251,0
9252,1
9253,1
9274,1
9275,1
9280,0
9281,0
9290,0
9291,0
9298,1
9299,0
9304,0
9305,0
9314,1
9315,1
9316,1
9317,0
9320,1
9321,0
9322,0
9323,1
9326,0
9327,1
9328,0
9329,1
9332,0
9333,0
9338,1
9339,1
9348,1
9349,0
9350,1
9351,0
9352,0
9353,1
9362,1
9363,1
9368,1
9369,1
9376,1
9377,0
9378,0
9379,1
9386,0
9387,0
9388,1
9389,1
9396,0
9397,0
9398,1
9399,0
9410,1
9411,1
9418,0
9419,1
9426,1
9427,1
9428,1
9429,0
9436,1
9437,0
9444,1
9445,0
9450,0
9451,0
9464,1
9465,1
9468,0
9469,0
9474,0
9475,0
9486,1
9487,1
9498,0
9499,1
9502,0
9503,0
9506,1
9507,1
9508,1
9509,0
9520,0
9521,1
9526,0
9527,0
9528,0
9529,0
9532,0
9533,1
9538,1
9539,0
9542,0
9543,0
9552,0
9553,0
9556,0
9557,1
9574,1
9575,0
9584,1
9585,1
9586,1
9587,1
9588,1
9589,0
9590,1
9591,0
9592,1
9593,0
9604,1
9605,0
9622,1
9623,0
9624,1
9625,1
9638,1
9639,0
9642,1
9643,1
9644,1
9645,0
9668,1
9669,0
9674,0
9675,1
9680,0
9681,0
9686,0
9687,0
9692,0
9693,0
9698,1
9699,1
9710,0
9711,1
9712,1
9713,0
9714,0
9715,1
9720,1
9721,0
9736,0
9737,0
9742,1
9743,0
9746,0
9747,1
9762,0
9763,1
9766,1
9767,1
9770,1
9771,0
9776,1
9777,0
9778,0
9779,0
9780,0
9781,0
9784,1
9785,0
9786,0
9787,0
9794,1
9795,0
9804,0
9805,0
9806,1
9807,1
9820,1
9821,0
9822,1
9823,0
9830,1
9831,1
9838,1
9839,1
9844,1
9845,1
9848,1
9849,1
9862,0
9863,1
9870,0
9871,0
9872,1
9873,0
9874,0
9875,0
9878,0
9879,0
9880,0
9881,1
9884,1
9885,1
9886,0
9887,0
9888,1
9889,0
9890,0
9891,0
9894,0
9895,1
9899,0
9901,1
9910,1
9911,1
9912,1
9913,1
9916,1
9917,0
9918,1
9919,1
9926,0
9927,0
9928,1
9929,1
9932,0
9933,0
9934,1
9935,0
9936,0
9937,1
9938,1
9939,0
9940,0
9941,1
9942,0
9943,1
9944,0
9945,0
9952,0
9953,0
9958,0
9959,1
9966,0
9967,0
9968,1
9969,0
9976,0
9977,0
9982,0
9983,1
9984,0
9985,1
9990,0
9991,0
9992,1
9993,1
9994,0
9995,1
10000,0
10001,1
10002,1
10003,1
10010,0
10011,0
10020,0
10021,1
10032,1
10033,0
10040,1
10041,1
10044,1
10045,0
10052,0
10053,1
10072,0
10073,1
10074,0
10075,0
10078,1
10079,0
10082,1
10083,0
10088,0
10089,0
10096,0
10097,0
10098,1
10099,1
10104,0
10105,0
10108,1
10109,1
10110,0
10111,0
10114,0
10115,0
10118,0
10119,0
10120,0
10121,1
10122,1
10123,1
10132,1
10133,0
10138,1
10139,1
10140,0
10141,1
10148,1
10149,0
10156,0
10157,0
10158,0
10159,0
10162,1
10163,1
10164,1
10165,1
10168,1
10169,0
10178,0
10179,1
10180,0
10181,0
10186,0
10187,0
10188,1
10189,1
10194,0
10195,1
10196,1
10197,1
10198,1
10199,0
10208,0
10209,0
10210,1
10211,1
10218,1
10219,0
10226,0
10227,0
10236,1
10237,1
10240,0
10241,1
10242,0
10243,0
10246,1
10247,1
10248,0
10249,0
10252,0
10253,0
10256,0
10257,1
10260,0
10261,0
10262,1
10263,0
10272,0
10273,0
10274,0
10275,1
10288,0
10289,0
10290,0
10291,1
10294,0
10295,1
10296,0
10297,0
10304,0
10305,1
10332,1
10333,1
10334,1
10335,0
10340,1
10341,1
10344,1
10345,0
10346,0
10347,1
10350,0
10351,1
10352,0
10353,0
10358,1
10359,0
10366,1
10367,0
10376,0
10377,0
10378,1
10379,1
10380,0
10381,0
10384,0
10385,1
10388,1
10389,1
10390,1
10391,1
10392,0
10393,0
10394,1
10395,1
10404,1
10405,1
10406,1
10407,0
10408,0
10409,0
10410,1
10411,0
10416,1
10417,1
10424,0
10425,0
10426,0
10427,1
10438,1
10439,1
10458,1
10459,0
10464,0
10465,1
10470,0
10471,0
10482,0
10483,1
10486,1
10487,1
10498,1
10499,1
10506,1
10507,0
10508,0
10509,0
10518,0
10519,0
10534,1
10535,1
10552,0
10553,1
10554,0
10555,0
10556,1
10557,0
10566,0
10567,1
10568,0
10569,0
10570,1
10571,0
10572,1
10573,0
10578,1
10579,0
10580,0
10581,0
10582,0
10583,0
10584,0
10585,1
10588,1
10589,0
10590,1
10591,1
10608,0
10609,0
10632,1
10633,0
10634,0
10635,0
10652,0
10653,0
10654,0
10655,0
10656,1
10657,1
10666,1
10667,0
10668,1
10669,1
10672,1
10673,0
10674,1
10675,0
10692,1
10693,0
10698,1
10699,0
10702,1
10703,1
10704,0
10705,1
10710,0
10711,0
10712,0
10713,0
10724,0
10725,1
10730,0
10731,1
10734,0
10735,1
10738,1
10739,1
10742,1
10743,0
10746,0
10747,1
10748,0
10749,0
10752,1
10753,0
10754,1
10755,1
10756,1
10757,0
10760,0
10761,1
10766,0
10767,1
10784,0
10785,0
10788,0
10789,0
10794,1
10795,0
10798,0
10799,1
10800,0
10801,0
10814,0
10815,1
10836,1
10837,0
10838,1
10839,0
10846,1
10847,1
10856,1
10857,0
10870,0
10871,0
10872,0
10873,0
10876,1
10877,1
10884,1
10885,0
10900,0
10901,1
10908,0
10909,1
10912,0
10913,0
10918,1
10919,0
10920,1
10921,0
10922,1
10923,0
10930,1
10931,1
10932,1
10933,1
10934,1
10935,1
10944,1
10945,0
10946,0
10947,1
10960,0
10961,0
10970,0
10971,0
10974,0
10975,0
10978,0
10979,1
10980,0
10981,0
10986,1
10987,1
10994,0
10995,1
10996,0
10997,0
11002,0
11003,0
11008,1
11009,0
11012,0
11013,1
11016,1
11017,0
11018,0
11019,1
11022,0
11023,1
11030,0
11031,1
11044,1
11045,0
11052,1
11053,1
11054,1
11055,0
11064,0
11065,1
11066,0
11067,1
11070,0
11071,0
11074,0
11075,0
11076,0
11077,0
11084,0
11085,0
11086,1
11087,1
11092,1
11093,1
11094,1
11095,1
11100,1
11101,0
11102,1
11103,0
11104,0
11105,0
11118,1
11119,1
11122,1
11123,1
11130,1
11131,0
11134,1
11135,1
11138,0
11139,0
11162,0
11163,0
11186,1
11187,1
11188,1
11189,1
11196,0
11197,1
11204,0
11205,0
11208,0
11209,1
11210,0
11211,0
11212,1
11213,0
11218,0
11219,0
11222,0
11223,0
11224,1
11225,0
11226,1
11227,0
11230,0
11231,1
11232,0
11233,0
11236,1
11237,1
11240,0
11241,0
11250,1
11251,0
11262,1
11263,0
11266,1
11267,0
11268,1
11269,1
11272,1
11273,1
11276,0
11277,1
11298,1
11299,0
11308,0
11309,0
11314,0
11315,0
11320,0
11321,1
11324,0
11325,1
11328,1
11329,1
11330,1
11331,0
11334,0
11335,1
11348,1
11349,0
11356,1
11357,0
11358,1
11359,0
11360,1
11361,0
11362,1
11363,0
11366,0
11367,0
11368,1
11369,0
11382,1
11383,0
11390,0
11391,0
11394,0
11395,1
11396,1
11397,0
11402,0
11403,1
11404,1
11405,0
11414,0
11415,1
11416,0
11417,1
11422,0
11423,0
11430,0
11431,0
11432,0
11433,1
11434,1
11435,0
11436,0
11437,1
11438,1
11439,0
11440,0
11441,1
11442,0
11443,1
11452,0
11453,1
11460,1
11461,0
11464,0
11465,0
11470,0
11471,0
11472,0
11473,0
11480,0
11481,1
11486,1
11487,0
11488,0
11489,0
11490,1
11491,0
11494,1
11495,0
11502,1
11503,0
11510,1
11511,1
11516,0
11517,1
11522,1
11523,1
11528,1
11529,0
11534,0
11535,1
11536,0
11537,1
11542,0
11543,1
11544,1
11545,0
11548,1
11549,1
11556,1
11557,0
11558,0
11559,0
11570,0
11571,1
11586,1
11587,0
11592,0
11593,1
11594,0
11595,1
11598,0
11599,1
11602,0
11603,1
11604,0
11605,0
11614,1
11615,1
11624,0
11625,0
11626,1
11627,1
11630,0
11631,1
11632,0
11633,1
11650,1
11651,1
11652,0
11653,0
11654,0
11655,1
11656,1
11657,1
11658,1
11659,1
11664,0
11665,0
11666,0
11667,0
11670,1
11671,1
11674,0
11675,1
11680,0
11681,1
11688,0
11689,0
11692,0
11693,1
11704,1
11705,1
11712,1
11713,1
11714,1
11715,1
11730,0
11731,1
11732,1
11733,0
11734,1
11735,1
11738,0
11739,0
11740,1
11741,1
11748,0
11749,1
11750,0
11751,1
11754,1
11755,1
11758,1
11759,1
11764,0
11765,1
11772,1
11773,1
11774,0
11775,0
11776,0
11777,0
11790,1
11791,1
11792,1
11793,0
11798,0
11799,0
11806,1
11807,0
11810,0
11811,0
11814,0
11815,0
11820,0
11821,1
11826,0
11827,1
11828,0
11829,1
11830,1
11831,0
11834,1
11835,1
11844,1
11845,1
11860,1
11861,1
11868,1
11869,1
11884,0
11885,0
11894,1
11895,1
11896,1
11897,0
11902,0
11903,0
11904,1
11905,0
11926,0
11927,0
11934,1
11935,0
11940,1
11941,1
11942,0
11943,1
11946,0
11947,0
11948,0
11949,1
11950,0
11951,0
11952,1
11953,0
11960,1
11961,0
11966,1
11967,0
11968,1
11969,1
11976,0
11977,0
11984,0
11985,0
11986,1
11987,0
11990,1
11991,1
12002,1
12003,1
12004,0
12005,1
12006,0
12007,1
12008,0
12009,1
12014,0
12015,1
12016,0
12017,0
12018,0
12019,0
12022,1
12023,1
12024,0
12025,0
12038,1
12039,0
12040,0
12041,0
12042,1
12043,1
12054,1
12055,0
12058,0
12059,0
12074,1
12075,1
12078,1
12079,1
12082,1
12083,1
12086,0
12087,0
12104,1
12105,0
12112,1
12113,0
12114,1
12115,1
12122,0
12123,1
12124,0
12125,1
12128,0
12129,1
12130,1
12131,0
12140,1
12141,1
12144,0
12145,0
12146,0
12147,1
12152,0
12153,1
12156,0
12157,0
12158,1
12159,1
12168,1
12169,0
12176,0
12177,0
12178,0
12179,0
12182,0
12183,0
12192,1
12193,0
12204,0
12205,1
12214,0
12215,1
12216,1
12217,0
12232,0
12233,1
12236,1
12237,0
12238,0
12239,0
12240,0
12241,1
12242,0
12243,1
12244,1
12245,0
12246,0
12247,0
12250,1
12251,1
12252,1
12253,0
12256,0
12257,0
12262,1
12263,1
12266,0
12267,0
12268,0
12269,1
12272,0
12273,1
12278,1
12279,0
12294,1
12295,0
12298,0
12299,1
12306,0
12307,0
12310,1
12311,1
12314,0
12315,0
12324,0
12325,1
12330,0
12331,0
12332,0
12333,0
12344,0
12345,1
12360,0
12361,0
12370,1
12371,0
12374,1
12375,0
12376,0
12377,0
12380,0
12381,0
12382,0
12383,0
12396,0
12397,1
12398,1
12399,0
12402,1
12403,1
12408,0
12409,0
12418,0
12419,0
12430,0
12431,1
12436,0
12437,1
12438,0
12439,0
12440,1
12441,1
12444,1
12445,0
12468,0
12469,0
12478,0
12479,0
12492,1
12493,1
12494,1
12495,1
12500,1
12501,0
12508,0
12509,0
12512,1
12513,0
12518,0
12519,0
12524,1
12525,0
12530,0
12531,0
12534,0
12535,0
12546,1
12547,1
12548,0
12549,1
12552,0
12553,0
12562,0
12563,0
12574,0
12575,1
12588,0
12589,0
12592,1
12593,1
12610,0
12611,0
12612,0
12613,0
12618,0
12619,1
12628,0
12629,1
12634,0
12635,1
12636,1
12637,0
12640,1
12641,1
12650,1
12651,0
12652,0
12653,0
12662,1
12663,1
12670,0
12671,0
12672,0
12673,1
12684,0
12685,0
12694,0
12695,1
12700,0
12701,1
12706,1
12707,0
12714,0
12715,0
12718,1
12719,1
12728,0
12729,0
12730,1
12731,0
12732,1
12733,1
12740,0
12741,0
12746,1
12747,0
12752,0
12753,1
12766,1
12767,1
12772,0
12773,1
12774,1
12775,1
12782,1
12783,1
12792,1
12793,0
12798,1
12799,0
12802,0
12803,0
12810,0
12811,1
12816,1
12817,0
12826,1
12827,0
12842,1
12843,1
12852,0
12853,0
12854,1
12855,1
12858,1
12859,0
12862,0
12863,0
12864,1
12865,0
12866,1
12867,0
12868,0
12869,1
12880,1
12881,1
12886,0
12887,0
12900,0
12901,0
12904,1
12905,0
12912,1
12913,1
12918,0
12919,1
12922,0
12923,0
12924,1
12925,0
12932,1
12933,0
12934,1
12935,1
12950,0
12951,1
12958,0
12959,0
12976,1
12977,0
12980,1
12981,0
12988,0
12989,0
12998,1
12999,0
13002,0
13003,0
13014,1
13015,0
13026,0
13027,0
13030,0
13031,1
13032,1
13033,1
13036,1
13037,1
13040,1
13041,1
13042,1
13043,1
13050,0
13051,1
13062,0
13063,1
13086,0
13087,1
13088,1
13089,1
13092,1
13093,0
13096,0
13097,0
13100,1
13101,1
13102,0
13103,1
13106,1
13107,0
13110,0
13111,0
13132,1
13133,0
13134,0
13135,0
13138,0
13139,0
13140,0
13141,0
13144,0
13145,1
13156,1
13157,0
13160,1
13161,1
13162,1
13163,0
13164,0
13165,0
13168,1
13169,0
13170,1
13171,0
13174,0
13175,0
13176,1
13177,1
13182,1
13183,1
13190,1
13191,1
13192,1
13193,0
13194,1
13195,0
13200,0
13201,0
13206,1
13207,0
13208,1
13209,1
13218,0
13219,0
13222,1
13223,0
13224,1
13225,1
13250,0
13251,1
13254,1
13255,0
13256,1
13257,0
13282,1
13283,0
13284,1
13285,1
13286,0
13287,0
13296,0
13297,0
13298,1
13299,0
13306,1
13307,1
13312,0
13313,1
13318,0
13319,0
13322,1
13323,0
13334,1
13335,1
13336,0
13337,1
13338,0
13339,0
13344,1
13345,1
13350,1
13351,1
13356,0
13357,1
13360,1
13361,0
13362,1
13363,0
13364,1
13365,1
13366,1
13367,0
13382,1
13383,0
13388,1
13389,0
13392,0
13393,0
13402,1
13403,0
13406,0
13407,0
13408,1
13409,0
13418,0
13419,1
13420,1
13421,0
13430,0
13431,1
13440,1
13441,0
13448,0
13449,1
13452,1
13453,1
13454,0
13455,1
13460,0
13461,0
13478,0
13479,1
13480,0
13481,0
13490,0
13491,1
13496,1
13497,1
13514,1
13515,0
13516,0
13517,1
13544,0
13545,1
13546,0
13547,1
13548,1
13549,0
13552,0
13553,0
13558,0
13559,1
13564,0
13565,0
13566,0
13567,0
13574,1
13575,0
13578,1
13579,0
13580,1
13581,1
13582,1
13583,0
13584,1
13585,1
13586,1
13587,1
13592,0
13593,1
13600,0
13601,0
13608,1
13609,1
13610,0
13611,1
13612,1
13613,1
13616,0
13617,0
13620,0
13621,1
13622,1
13623,1
13626,1
13627,0
13628,1
13629,0
13644,0
13645,1
13660,0
13661,0
13666,0
13667,1
13670,0
13671,1
13676,1
13677,0
13682,0
13683,0
13684,0
13685,1
13692,0
13693,0
13694,0
13695,1
13702,1
13703,1
13704,0
13705,0
13706,0
13707,0
13708,0
13709,1
13712,1
13713,0
13716,1
13717,0
13722,1
13723,0
13732,1
13733,0
13748,1
13749,0
13750,1
13751,1
13758,1
13759,1
13760,1
13761,1
13766,1
13767,0
13774,0
13775,0
13776,0
13777,1
13786,1
13787,1
13788,1
13789,0
13796,0
13797,1
13810,1
13811,1
13818,0
13819,0
13822,0
13823,0
13824,1
13825,0
13826,0
13827,0
13828,1
13829,1
13834,0
13835,1
13836,1
13837,1
13844,1
13845,0
13846,1
13847,1
13854,1
13855,0
13868,1
13869,1
13872,0
13873,1
13878,0
13879,0
13890,1
13891,0
13894,1
13895,1
13896,0
13897,0
13898,0
13899,1
13900,1
13901,0
13910,1
13911,0
13920,1
13921,1
13924,1
13925,1
13928,1
13929,1
13934,0
13935,0
13942,0
13943,0
13948,1
13949,0
13950,0
13951,1
13952,1
13953,1
13960,0
13961,1
13966,0
13967,0
13976,1
13977,0
13982,0
13983,0
13984,1
13985,1
13986,1
13987,0
14006,0
14007,1
14016,1
14017,0
14024,0
14025,1
14036,1
14037,0
14040,0
14041,0
14042,0
14043,1
14044,1
14045,0
14046,1
14047,1
14050,0
14051,0
14060,0
14061,1
14064,1
14065,1
14072,0
14073,0
14074,0
14075,1
14076,1
14077,0
14084,0
14085,0
14086,0
14087,1
14088,1
14089,0
14090,1
14091,1
14092,0
14093,0
14096,1
14097,0
14104,0
14105,1
14120,0
14121,0
14124,1
14125,0
14128,1
14129,0
14134,0
14135,0
14136,1
14137,1
14138,1
14139,1
14146,1
14147,1
14150,0
14151,1
14152,1
14153,1
14154,0
14155,0
14156,0
14157,1
14158,1
14159,1
14160,1
14161,0
14164,0
14165,0
14166,1
14167,1
14186,0
14187,1
14188,1
14189,0
14190,1
14191,1
14196,0
14197,1
14198,0
14199,0
14200,0
14201,0
14214,0
14215,1
14216,0
14217,1
14220,1
14221,0
14222,0
14223,1
14224,1
14225,0
14230,0
14231,0
14242,1
14243,0
14246,1
14247,1
14248,1
14249,0
14250,1
14251,0
14254,0
14255,0
14258,1
14259,1
14260,1
14261,0
14264,1
14265,0
14266,1
14267,0
14274,0
14275,0
14280,0
14281,1
14286,0
14287,1
14294,0
14295,0
14302,1
14303,0
14312,0
14313,0
14316,0
14317,1
14322,1
14323,0
14328,1
14329,0
14330,1
14331,1
14336,0
14337,0
14344,0
14345,1
14348,0
14349,1
14352,1
14353,1
14354,0
14355,1
14364,1
14365,0
14368,1
14369,0
14370,1
14371,0
14374,1
14375,1
14392,1
14393,1
14396,1
14397,0
14402,1
14403,0
14406,1
14407,1
14410,1
14411,1
14412,1
14413,1
14416,0
14417,1
14424,1
14425,1
14426,0
14427,1
14432,0
14433,0
14434,1
14435,1
14438,0
14439,1
14450,0
14451,1
14458,1
14459,0
14472,0
14473,1
14476,1
14477,0
14482,1
14483,1
14484,0
14485,0
14490,0
14491,0
14504,0
14505,0
14514,0
14515,1
14530,0
14531,1
14544,1
14545,0
14546,1
14547,0
14562,0
14563,0
14568,0
14569,1
14570,1
14571,0
14578,1
14579,1
14580,0
14581,1
14586,1
14587,1
14592,0
14593,0
14598,1
14599,1
14600,1
14601,1
14604,1
14605,0
14616,0
14617,0
14624,0
14625,1
14628,1
14629,0
14636,0
14637,1
14660,0
14661,0
14668,1
14669,0
14680,0
14681,0
14698,1
14699,0
14706,1
14707,1
14708,1
14709,1
14718,0
14719,1
14730,1
14731,1
14732,0
14733,1
14738,0
14739,1
14740,0
14741,0
14742,0
14743,0
14746,0
14747,0
14752,1
14753,0
14754,1
14755,0
14764,0
14765,1
14774,1
14775,1
14784,0
14785,0
14786,0
14787,1
14788,1
14789,0
14804,0
14805,0
14812,0
14813,1
14818,1
14819,0
14820,0
14821,0
14838,0
14839,0
14850,0
14851,1
14856,1
14857,1
14858,0
14859,1
14878,0
14879,1
14880,1
14881,1
14886,1
14887,1
14896,0
14897,1
14898,0
14899,1
14900,0
14901,0
14906,1
14907,1
14910,1
14911,0
14914,1
14915,0
14928,0
14929,0
14934,1
14935,1
14938,1
14939,0
14944,1
14945,1
14948,1
14949,0
14970,1
14971,0
14972,0
14973,1
14978,0
14979,0
14980,0
14981,0
15002,0
15003,0
15024,1
15025,1
15026,1
15027,1
15030,0
15031,1
15032,0
15033,1
15034,1
15035,0
15046,1
15047,0
15048,1
15049,0
15052,0
15053,1
15056,0
15057,0
15070,0
15071,0
15074,0
15075,0
15076,0
15077,1
15082,0
15083,1
15084,0
15085,0
15086,1
15087,1
15096,1
15097,0
15102,0
15103,0
15106,0
15107,1
15116,1
15117,0
15118,0
15119,0
15124,0
15125,0
15126,0
15127,0
15128,0
15129,0
15134,0
15135,1
15136,0
15137,1
15140,0
15141,0
15142,1
15143,0
15154,1
15155,0
15166,0
15167,1
15170,0
15171,1
15176,0
15177,0
15178,0
15179,0
15180,0
15181,1
15182,0
15183,1
15188,0
15189,0
15196,1
15197,1
15238,0
15239,1
15250,1
15251,0
15256,1
15257,0
15262,0
15263,0
15266,0
15267,1
15268,1
15269,0
15270,1
15271,1
15282,0
15283,0
15284,0
15285,1
15302,1
15303,1
15304,0
15305,0
15340,0
15341,0
15348,0
15349,1
15358,0
15359,1
15362,0
15363,0
15364,1
15365,0
15366,0
15367,1
15368,0
15369,1
15370,0
15371,0
15374,1
15375,1
15384,0
15385,0
15390,1
15391,1
15402,0
15403,0
15404,1
15405,1
15452,1
15453,0
15470,1
15471,0
15472,1
15473,1
15474,0
15475,1
15482,0
15483,1
15486,0
15487,1
15490,0
15491,1
15496,0
15497,0
15500,0
15501,0
15504,0
15505,0
15506,1
15507,1
15518,0
15519,1
15520,1
15521,1
15524,1
15525,0
15528,1
15529,1
15530,0
15531,1
15542,1
15543,0
15548,1
15549,0
15550,1
15551,1
15554,0
15555,0
15558,1
15559,0
15564,0
15565,0
15566,0
15567,1
15570,0
15571,0
15578,1
15579,0
15582,0
15583,0
15586,1
15587,0
15592,0
15593,1
15602,0
15603,1
15616,0
15617,1
15624,0
15625,0
15636,1
15637,0
15644,1
15645,1
15650,1
15651,0
15652,0
15653,0
15656,0
15657,1
15658,0
15659,0
15662,1
15663,1
15664,1
15665,0
15666,0
15667,1
15668,1
15669,1
15670,0
15671,1
15684,0
15685,0
15688,0
15689,0
15696,0
15697,0
15702,0
15703,0
15714,0
15715,0
15718,1
15719,1
15730,0
15731,1
15734,1
15735,0
15738,1
15739,1
15740,1
15741,0
15748,1
15749,1
15750,1
15751,0
15762,0
15763,1
15764,0
15765,0
15768,1
15769,1
15776,0
15777,1
15780,0
15781,0
15782,1
15783,0
15786,0
15787,0
15792,1
15793,1
15796,0
15797,1
15798,1
15799,0
15800,0
15801,1
15804,0
15805,1
15806,1
15807,1
15810,0
15811,0
15814,0
15815,1
15816,1
15817,0
15818,0
15819,0
15824,1
15825,0
15828,1
15829,1
15830,1
15831,1
15834,0
15835,0
15838,0
15839,0
15842,0
15843,0
15844,1
15845,0
15866,1
15867,0
15868,1
15869,0
15870,0
15871,0
15872,1
15873,1
15874,0
15875,0
15876,1
15877,0
15880,0
15881,1
15884,0
15885,0
15888,0
15889,1
15896,1
15897,0
15906,1
15907,0
15908,1
15909,0
15910,0
15911,0
15918,0
15919,0
15922,1
15923,0
15924,0
15925,1
15942,0
15943,0
15944,1
15945,1
15960,1
15961,0
15966,1
15967,0
15972,1
15973,0
15976,1
15977,0
15978,1
15979,1
15982,0
15983,0
15984,1
15985,0
15986,1
15987,1
15988,0
15989,1
15990,1
15991,0
15992,0
15993,0
15998,1
15999,1
16000,0
16001,0
16012,1
16013,0
16014,0
16015,1
16016,0
16017,0
16018,1
16019,1
16026,1
16027,1
16028,1
16029,1
16034,0
16035,1
16036,1
16037,0
16046,0
16047,0
16048,1
16049,1
16050,1
16051,0
16054,1
16055,0
16076,0
16077,0
16078,1
16079,0
16084,1
16085,0
16092,0
16093,0
16096,0
16097,1
16100,1
16101,0
16102,0
16103,1
16106,0
16107,0
16108,0
16109,0
16112,1
16113,1
16114,1
16115,1
16116,0
16117,1
16118,0
16119,1
16120,0
16121,0
16122,1
16123,0
16138,0
16139,1
16144,0
16145,1
16146,1
16147,1
16158,0
16159,1
16160,1
16161,0
16164,0
16165,1
16178,0
16179,1
16180,0
16181,1
16182,1
16183,0
16184,0
16185,0
16196,0
16197,1
16210,0
16211,1
16220,1
16221,1
16222,0
16223,0
16228,0
16229,0
16232,1
16233,0
16234,0
16235,1
16240,1
16241,1
16244,0
16245,1
16264,0
16265,1
16270,0
16271,0
16288,0
16289,1
16298,0
16299,1
16306,0
16307,1
16308,0
16309,1
16310,0
16311,1
16312,1
16313,1
16316,1
16317,1
16328,1
16329,0
16332,0
16333,1
16334,0
16335,0
16336,0
16337,1
16340,1
16341,1
16346,0
16347,1
16348,0
16349,0
16356,0
16357,0
16370,1
16371,0
16374,1
16375,1
16380,1
16381,0
16386,0
16387,0
16388,0
16389,0
16398,0
16399,1
16400,1
16401,0
16404,0
16405,1
16406,1
16407,1
16412,0
16413,1
16416,0
16417,1
16426,0
16427,1
16430,1
16431,0
16434,0
16435,1
16436,0
16437,1
16438,0
16439,0
16444,0
16445,1
16452,1
16453,1
16454,1
16455,1
16456,1
16457,1
16458,1
16459,1
16460,1
16461,0
16464,1
16465,1
16478,0
16479,1
16482,1
16483,0
16486,0
16487,1
16498,0
16499,1
16506,0
16507,1
16510,1
16511,1
16514,0
16515,0
16516,0
16517,1
16518,0
16519,0
16520,0
16521,0
16522,0
16523,1
16524,0
16525,0
16528,0
16529,0
16532,1
16533,0
16538,1
16539,0
16542,1
16543,1
16546,1
16547,0
16554,0
16555,1
16562,0
16563,1
16570,1
16571,0
16576,1
16577,0
16578,1
16579,0
16588,1
16589,1
16590,0
16591,0
16592,0
16593,0
16598,0
16599,1
16600,1
16601,0
16606,0
16607,0
16610,1
16611,1
16616,1
16617,1
16622,0
16623,0
16624,0
16625,0
16626,0
16627,0
16632,1
16633,1
16638,1
16639,0
16640,0
16641,0
16646,1
16647,1
16650,0
16651,0
16654,0
16655,1
16662,0
16663,1
16670,1
16671,1
16678,0
16679,0
16684,1
16685,0
16690,1
16691,1
16694,1
16695,1
16696,0
16697,1
16706,0
16707,0
16716,1
16717,0
16722,1
16723,1
16728,1
16729,0
16744,0
16745,0
16752,1
16753,0
16758,1
16759,1
16760,0
16761,1
16770,0
16771,0
16776,1
16777,1
16786,0
16787,0
16788,1
16789,1
16790,0
16791,0
16792,0
16793,1
16794,0
16795,1
16798,0
16799,0
16806,1
16807,0
16812,0
16813,1
16814,1
16815,0
16820,0
16821,0
16830,1
16831,1
16832,0
16833,1
16836,0
16837,0
16842,0
16843,0
16854,1
16855,0
16856,0
16857,1
16868,0
16869,1
16880,0
16881,1
16888,0
16889,0
16896,0
16897,0
16900,0
16901,0
16904,0
16905,0
16912,1
16913,1
16918,0
16919,1
16930,0
16931,0
16932,0
16933,1
16934,1
16935,1
16936,1
16937,1
16938,1
16939,0
16944,0
16945,0
16946,1
16947,0
16950,0
16951,0
16960,1
16961,1
16966,0
16967,0
16968,1
16969,1
16982,0
16983,1
16984,1
16985,1
16986,1
16987,1
16990,0
16991,0
17002,0
17003,1
17004,0
17005,0
17014,1
17015,1
17016,0
17017,1
17018,0
17019,0
17030,0
17031,0
17032,1
17033,0
17040,0
17041,1
17050,0
17051,1
17052,1
17053,1
17054,1
17055,0
17058,1
17059,0
17060,1
17061,0
17068,0
17069,0
17072,1
17073,0
17074,0
17075,0
17076,1
17077,1
17078,0
17079,0
17090,1
17091,0
17094,1
17095,1
17098,1
17099,1
17100,0
17101,1
17104,0
17105,0
17114,0
17115,1
17118,0
17119,0
17120,0
17121,1
17126,0
17127,0
17142,1
17143,0
17152,0
17153,0
17154,1
17155,1
17160,0
17161,0
17162,1
17163,0
17166,1
17167,0
17170,1
17171,1
17174,1
17175,1
17182,1
17183,0
17188,0
17189,0
17200,0
17201,0
17202,1
17203,1
17218,0
17219,1
17224,1
17225,0
17230,1
17231,1
17232,0
17233,0
17242,0
17243,0
17246,0
17247,0
17254,0
17255,0
17256,1
17257,1
17266,1
17267,1
17276,1
17277,0
17284,0
17285,0
17288,1
17289,0
17292,1
17293,0
17296,0
17297,0
17302,0
17303,1
17304,1
17305,0
17306,1
17307,1
17310,1
17311,1
17322,1
17323,1
17324,0
17325,0
17336,0
17337,0
17342,0
17343,1
17344,0
17345,0
17346,1
17347,0
17350,1
17351,0
17356,0
17357,1
17358,0
17359,0
17362,0
17363,0
17364,1
17365,0
17368,1
17369,0
17370,1
17371,1
17372,0
17373,1
17374,1
17375,0
17384,0
17385,0
17386,0
17387,1
17398,0
17399,0
17400,1
17401,1
17406,0
17407,1
17418,1
17419,0
17438,1
17439,1
17440,0
17441,0
17454,1
17455,1
17462,1
17463,1
17466,0
17467,0
17476,0
17477,1
17478,0
17479,0
17482,0
17483,0
17490,0
17491,0
17504,1
17505,1
17508,0
17509,1
17514,1
17515,1
17516,1
17517,0
17538,0
17539,0
17558,0
17559,1
17562,0
17563,0
17564,0
17565,0
17576,1
17577,1
17582,1
17583,0
17584,0
17585,0
17588,0
17589,1
17596,0
17597,1
17600,0
17601,0
17610,1
17611,0
17622,1
17623,1
17624,0
17625,0
17626,0
17627,1
17628,0
17629,1
17648,0
17649,0
17654,0
17655,0
17660,1
17661,0
17662,1
17663,1
17666,0
17667,1
17672,0
17673,1
17674,1
17675,1
17678,1
17679,1
17690,1
17691,0
17698,0
17699,0
17702,0
17703,0
17706,1
17707,0
17708,0
17709,1
17710,0
17711,0
17718,1
17719,0
17720,0
17721,1
17722,1
17723,0
17732,1
17733,1
17746,1
17747,1
17748,0
17749,0
17754,1
17755,1
17764,1
17765,1
17770,0
17771,0
17780,0
17781,1
17784,1
17785,0
17786,1
17787,1
17796,0
17797,1
17802,0
17803,0
17808,1
17809,0
17818,1
17819,0
17824,1
17825,1
17826,0
17827,0
17832,1
17833,0
17834,1
17835,1
17838,1
17839,0
17840,0
17841,1
17842,1
17843,1
17846,0
17847,0
17848,1
17849,0
17850,1
17851,1
17856,1
17857,1
17860,1
17861,1
17864,0
17865,0
17868,1
17869,1
17870,0
17871,0
17872,0
17873,0
17884,1
17885,1
17888,0
17889,1
17894,0
17895,1
17898,1
17899,1
17904,0
17905,1
17916,0
17917,1
17918,1
17919,0
17920,0
17921,0
17924,0
17925,1
17928,0
17929,1
17938,1
17939,1
17944,0
17945,0
17964,0
17965,1
17976,0
17977,1
17986,0
17987,1
17990,0
17991,0
17994,0
17995,0
17996,1
17997,0
18000,1
18001,0
18008,1
18009,1
18010,0
18011,1
18016,0
18017,1
18018,1
18019,0
18020,1
18021,1
18024,1
18025,1
18028,1
18029,1
18036,0
18037,0
18040,1
18041,0
18048,1
18049,1
18052,0
18053,1
18060,0
18061,1
18066,0
18067,0
18072,1
18073,1
18074,0
18075,1
18080,1
18081,1
18084,0
18085,0
18100,1
18101,0
18104,1
18105,0
18110,0
18111,1
18122,1
18123,0
18124,0
18125,1
18134,0
18135,0
18140,0
18141,0
18142,0
18143,1
18144,1
18145,0
18152,0
18153,0
18160,1
18161,1
18168,0
18169,1
18174,0
18175,1
18178,1
18179,0
18180,0
18181,0
18184,0
18185,0
18190,1
18191,0
18192,0
18193,1
18196,1
18197,0
18208,1
18209,0
18210,0
18211,0
18218,1
18219,1
18222,0
18223,0
18226,0
18227,0
18232,1
18233,1
18234,1
18235,0
18238,1
18239,1
18242,0
18243,0
18246,0
18247,1
18248,1
18249,1
18252,0
18253,1
18258,1
18259,1
18262,0
18263,1
18264,1
18265,1
18270,0
18271,0
18278,0
18279,1
18294,1
18295,0
18296,0
18297,0
18304,1
18305,0
18318,0
18319,0
18322,0
18323,1
18328,1
18329,1
18338,0
18339,1
18342,0
18343,0
18344,0
18345,0
18346,0
18347,0
18348,0
18349,0
18354,1
18355,1
18362,0
18363,0
18366,0
18367,0
18370,0
18371,1
18374,0
18375,0
18376,1
18377,0
18382,1
18383,0
18388,0
18389,0
18390,0
18391,1
18392,1
18393,0
18396,1
18397,1
18402,0
18403,1
18408,1
18409,0
18414,1
18415,1
18416,1
18417,1
18418,0
18419,0
18422,0
18423,0
18426,1
18427,0
18428,1
18429,1
18434,0
18435,1
18438,0
18439,1
18440,1
18441,0
18452,0
18453,0
18454,1
18455,1
18482,0
18483,1
18490,1
18491,1
18494,0
18495,1
18498,0
18499,1
18520,1
18521,0
18522,0
18523,1
18524,0
18525,0
18534,1
18535,0
18542,1
18543,0
18544,0
18545,1
18546,1
18547,0
18552,0
18553,1
18554,0
18555,1
18560,0
18561,0
18562,0
18563,1
18566,0
18567,0
18568,1
18569,1
18576,0
18577,0
18578,1
18579,1
18588,0
18589,0
18592,0
18593,0
18604,1
18605,1
18608,1
18609,0
18622,0
18623,1
18624,0
18625,1
18632,0
18633,1
18640,0
18641,0
18642,1
18643,1
18644,1
18645,0
18646,0
18647,0
18648,0
18649,1
18650,0
18651,1
18658,1
18659,0
18668,0
18669,0
18670,0
18671,0
18674,1
18675,0
18684,0
18685,0
18692,0
18693,0
18698,0
18699,0
18710,0
18711,0
18712,0
18713,0
18734,1
18735,1
18740,1
18741,1
18766,0
18767,1
18772,0
18773,0
18778,0
18779,1
18784,1
18785,1
18786,1
18787,1
18792,1
18793,0
18810,1
18811,0
18812,1
18813,1
18822,1
18823,0
18824,0
18825,0
18846,1
18847,0
18850,1
18851,1
18852,1
18853,0
18854,1
18855,1
18862,0
18863,0
18872,0
18873,0
18890,0
18891,0
18908,1
18909,0
18910,1
18911,0
18912,0
18913,0
18914,0
18915,0
18918,0
18919,0
18920,1
18921,1
18922,0
18923,0
18924,0
18925,1
18926,1
18927,0
18928,0
18929,1
18938,1
18939,1
18942,1
18943,0
18950,0
18951,1
18956,1
18957,1
18964,0
18965,0
18966,0
18967,0
18974,0
18975,1
18984,1
18985,0
18996,0
18997,0
19000,0
19001,0
19008,0
19009,0
19012,1
19013,0
19018,0
19019,0
19022,0
19023,0
19026,1
19027,0
19032,1
19033,1
19036,0
19037,1
19038,0
19039,1
19040,1
19041,1
19048,1
19049,1
19050,0
19051,1
19052,1
19053,0
19060,1
19061,0
19064,0
19065,0
19066,0
19067,1
19070,0
19071,1
19074,1
19075,0
19076,1
19077,0
19084,0
19085,1
19100,1
19101,0
19102,0
19103,1
19104,1
19105,0
19108,1
19109,1
19116,1
19117,1
19124,1
19125,1
19138,0
19139,0
19142,1
19143,0
19154,0
19155,1
19166,1
19167,1
19184,0
19185,1
19188,0
19189,0
19192,0
19193,0
19206,0
19207,1
19208,1
19209,1
19210,0
19211,0
19216,0
19217,1
19222,1
19223,0
19226,0
19227,0
19244,0
19245,0
19254,0
19255,1
19256,1
19257,1
19268,0
19269,0
19270,0
19271,0
19278,1
19279,1
19280,0
19281,0
19284,0
19285,0
19286,1
19287,0
19294,0
19295,0
19302,1
19303,1
19304,1
19305,1
19320,1
19321,0
19324,1
19325,0
19330,0
19331,1
19332,1
19333,0
19344,1
19345,0
19350,1
19351,1
19352,1
19353,0
19356,0
19357,1
19358,0
19359,1
19364,1
19365,1
19370,0
19371,0
19378,0
19379,1
19418,1
19419,0
19420,1
19421,1
19422,0
19423,0
19426,0
19427,1
19428,0
19429,0
19436,1
19437,0
19444,0
19445,1
19446,1
19447,1
19448,0
19449,0
19450,0
19451,1
19454,1
19455,0
19458,0
19459,1
19468,1
19469,1
19470,1
19471,1
19476,1
19477,1
19480,0
19481,0
19484,0
19485,0
19492,1
19493,0
19504,1
19505,1
19514,1
19515,1
19518,1
19519,1
19526,1
19527,0
19528,1
19529,1
19536,0
19537,1
19542,0
19543,1
19554,1
19555,0
19556,0
19557,1
19576,0
19577,0
19578,0
19579,1
19580,0
19581,1
19594,1
19595,0
19604,0
19605,0
19610,1
19611,1
19612,0
19613,1
19614,1
19615,0
19618,0
19619,0
19622,0
19623,0
19634,0
19635,1
19638,0
19639,1
19662,0
19663,1
19664,0
19665,1
19666,1
19667,0
19684,0
19685,1
19686,0
19687,0
19720,0
19721,0
19726,1
19727,0
19732,0
19733,1
19734,0
19735,0
19746,1
19747,0
19754,1
19755,0
19756,0
19757,1
19774,0
19775,0
19776,0
19777,0
19782,0
19783,1
19784,0
19785,0
19792,0
19793,1
19810,0
19811,1
19814,0
19815,1
19816,0
19817,0
19820,0
19821,0
19824,1
19825,0
19826,0
19827,0
19828,0
19829,0
19858,1
19859,0
19872,1
19873,0
19876,0
19877,1
19880,1
19881,0
19882,1
19883,0
19884,0
19885,1
19890,1
19891,0
19896,1
19897,0
19900,1
19901,0
19912,0
19913,0
19920,1
19921,1
19922,0
19923,1
19928,1
19929,1
19938,1
19939,0
19942,1
19943,0
19956,1
19957,1
19958,1
19959,1
19964,0
19965,0
19972,1
19973,0
19984,0
19985,1
19996,0
19997,0
19998,0
19999,0
20000,1
20001,1
20002,1
20003,0
20004,0
20005,1
20006,0
20007,1
20012,1
20013,0
20016,1
20017,0
20028,0
20029,0
20048,1
20049,0
20050,1
20051,0
20052,0
20053,0
20054,0
20055,0
20056,1
20057,0
20058,1
20059,0
20066,1
20067,1
20070,0
20071,1
20076,1
20077,0
20090,1
20091,1
20098,0
20099,0
20106,0
20107,0
20108,0
20109,0
20110,0
20111,1
20114,0
20115,0
20122,0
20123,0
20142,0
20143,0
20158,1
20159,1
20160,1
20161,0
20166,0
20167,1
20168,0
20169,1
20170,0
20171,0
20188,1
20189,1
20190,1
20191,1
20192,0
20193,0
20196,0
20197,0
20202,0
20203,1
20218,0
20219,0
20220,0
20221,0
20242,1
20243,1
20250,1
20251,0
20254,1
20255,0
20272,1
20273,0
20276,0
20277,1
20280,0
20281,0
20284,1
20285,1
20288,0
20289,0
20294,0
20295,1
20296,0
20297,0
20302,0
20303,1
20304,0
20305,0
20306,1
20307,0
20310,1
20311,0
20318,0
20319,0
20324,1
20325,0
20326,0
20327,0
20331,0
20343,1
20352,0
20353,1
20358,0
20359,1
20372,0
20373,1
20374,0
20375,0
20382,0
20383,0
20398,0
20399,1
20408,1
20409,1
20412,0
20413,0
20420,1
20421,0
20430,1
20431,1
20436,1
20437,1
20438,0
20439,0
20446,1
20447,1
20448,0
20449,1
20450,0
20451,0
20452,0
20453,1
20458,0
20459,1
20460,0
20461,0
20478,0
20479,1
20484,1
20485,1
20496,1
20497,0
20502,0
20503,1
20508,1
20509,0
20510,1
20511,1
20512,0
20513,0
20520,0
20521,0
20526,1
20527,0
20534,1
20535,1
20548,1
20549,0
20556,0
20557,1
20574,1
20575,0
20584,1
20585,1
20586,1
20587,1
20598,0
20599,0
20608,0
20609,1
20610,0
20611,1
20614,0
20615,1
20618,1
20619,1
20620,1
20621,1
20622,0
20623,0
20628,1
20629,0
20630,1
20631,1
20642,0
20643,1
20658,0
20659,1
20660,1
20661,1
20664,0
20665,0
20682,1
20683,0
20684,0
20685,1
20688,0
20689,1
20690,1
20691,0
20692,1
20693,0
20694,0
20695,1
20708,0
20709,1
20710,0
20711,0
20716,1
20717,0
20718,1
20719,0
20730,0
20731,0
20732,0
20733,0
20734,0
20735,0
20736,1
20737,0
20740,0
20741,1
20742,1
20743,1
20744,0
20745,1
20748,1
20749,0
20756,1
20757,1
20760,0
20761,0
20768,1
20769,1
20774,1
20775,1
20778,1
20779,1
20780,1
20781,0
20786,1
20787,0
20788,1
20789,0
20790,1
20791,0
20792,1
20793,1
20794,1
20795,0
20796,1
20797,0
20806,0
20807,0
20808,0
20809,0
20814,0
20815,1
20830,1
20831,0
20834,0
20835,1
20838,1
20839,1
20844,1
20845,1
20846,0
20847,1
20852,0
20853,0
20864,1
20865,1
20866,1
20867,1
20872,1
20873,1
20874,1
20875,1
20886,1
20887,0
20890,1
20891,1
20892,0
20893,1
20894,0
20895,1
20906,0
20907,0
20914,0
20915,0
20916,1
20917,0
20918,1
20919,1
20920,0
20921,1
20928,1
20929,1
20932,0
20933,1
20958,0
20959,1
20964,0
20965,1
20966,1
20967,0
20970,0
20971,1
20974,0
20975,1
20990,0
20991,0
20994,1
20995,1
21000,0
21001,1
21002,0
21003,1
21028,1
21029,0
21032,0
21033,1
21034,0
21035,0
21036,0
21037,1
21038,1
21039,0
21040,0
21041,0
21052,0
21053,1
21058,0
21059,0
21060,1
21061,0
21064,1
21065,0
21072,1
21073,1
21078,0
21079,1
21080,1
21081,0
21082,0
21083,0
21094,0
21095,1
21100,0
21101,1
21102,0
21103,1
21110,0
21111,0
21112,0
21113,0
21114,1
21115,1
21132,1
21133,0
21138,0
21139,1
21140,1
21141,0
21142,1
21143,1
21154,0
21155,0
21166,1
21167,1
21172,0
21173,0
21174,1
21175,1
21176,1
21177,0
21182,0
21183,1
21188,0
21189,1
21192,0
21193,0
21194,0
21195,0
21196,0
21197,1
21202,0
21203,1
21204,0
21205,1
21214,1
21215,0
21218,0
21219,1
21220,1
21221,0
21222,0
21223,0
21226,0
21227,1
21228,1
21229,1
21232,1
21233,1
21234,1
21235,1
21238,0
21239,1
21240,1
21241,0
21244,0
21245,1
21250,0
21251,0
21254,1
21255,1
21258,0
21259,0
21260,0
21261,0
21262,0
21263,1
21264,0
21265,1
21266,1
21267,0
21268,1
21269,1
21274,0
21275,0
21280,1
21281,0
21282,1
21283,0
21294,0
21295,1
21298,0
21299,0
21304,1
21305,0
21306,1
21307,1
21308,1
21309,1
21314,1
21315,1
21316,1
21317,1
21330,0
21331,0
21336,0
21337,1
21340,1
21341,1
21344,0
21345,0
21352,1
21353,1
21356,0
21357,0
21370,0
21371,1
21372,0
21373,0
21390,0
21391,0
21396,0
21397,1
21398,1
21399,0
21406,0
21407,0
21408,0
21409,0
21438,0
21439,0
21448,1
21449,1
21450,0
21451,1
21456,1
21457,1
21458,0
21459,1
21460,0
21461,0
21464,0
21465,0
21466,0
21467,1
21468,1
21469,1
21476,0
21477,0
21478,1
21479,0
21480,0
21481,0
21486,0
21487,0
21494,1
21495,1
21496,1
21497,1
21498,1
21499,1
21518,1
21519,0
21532,0
21533,1
21534,0
21535,0
21546,0
21547,0
21560,0
21561,0
21562,1
21563,1
21564,1
21565,0
21570,1
21571,0
21572,1
21573,1
21582,0
21583,1
21584,1
21585,1
21588,1
21589,0
21590,1
21591,0
21598,1
21599,0
21602,1
21603,1
21604,1
21605,0
21608,1
21609,0
21612,1
21613,0
21614,0
21615,1
21618,0
21619,0
21620,0
21621,1
21630,0
21631,0
21644,1
21645,0
21648,0
21649,0
21650,1
21651,0
21658,1
21659,0
21664,1
21665,0
21670,0
21671,0
21676,1
21677,0
21686,0
21687,1
21688,1
21689,0
21690,0
21691,0
21692,1
21693,1
21696,0
21697,1
21700,1
21701,0
21704,0
21705,0
21714,1
21715,0
21722,1
21723,0
21724,0
21725,1
21732,1
21733,0
21750,0
21751,0
21768,0
21769,0
21772,0
21773,1
21774,1
21775,0
21776,0
21777,1
21782,1
21783,0
21784,1
21785,1
21788,0
21789,1
21792,1
21793,0
21796,0
21797,1
21800,0
21801,0
21806,1
21807,1
21808,0
21809,1
21810,0
21811,0
21816,0
21817,1
21822,0
21823,1
21840,1
21841,1
21854,1
21855,1
21856,1
21857,1
21862,0
21863,0
21868,0
21869,0
21874,0
21875,0
21876,1
21877,1
21878,0
21879,1
21884,1
21885,0
21886,0
21887,0
21894,1
21895,0
21904,0
21905,0
21906,0
21907,1
21910,0
21911,0
21912,0
21913,0
21914,0
21915,0
21916,0
21917,0
21926,1
21927,0
21934,0
21935,0
21962,1
21963,1
21964,0
21965,1
21976,1
21977,0
21978,0
21979,0
21986,0
21987,1
21998,0
21999,1
22006,0
22007,1
22012,0
22013,0
22020,1
22021,1
22026,1
22027,1
22032,1
22033,0
22034,0
22035,1
22040,0
22041,1
22044,1
22045,1
22048,0
22049,0
22056,0
22057,0
22058,0
22059,1
22062,0
22063,0
22076,0
22077,0
22080,0
22081,1
22082,0
22083,1
22084,0
22085,0
22090,0
22091,0
22092,0
22093,1
22094,0
22095,0
22098,0
22099,1
22116,1
22117,1
22122,0
22123,0
22130,0
22131,0
22154,1
22155,1
22164,1
22165,1
22168,0
22169,0
22172,1
22173,0
22174,1
22175,1
22176,1
22177,1
22182,0
22183,0
22186,0
22187,1
22194,0
22195,1
22202,1
22203,0
22204,0
22205,1
22218,1
22219,1
22220,0
22221,1
22228,0
22229,0
22232,1
22233,1
22236,1
22237,1
22240,1
22241,0
22244,0
22245,1
22272,0
22273,0
22282,1
22283,1
22284,0
22285,1
22286,1
22287,0
22288,0
22289,0
22290,0
22291,1
22292,1
22293,1
22294,1
22295,0
22298,0
22299,1
22302,0
22303,1
22304,0
22305,1
22306,1
22307,0
22310,1
22311,0
22314,1
22315,1
22318,0
22319,0
22320,0
22321,0
22324,0
22325,1
22328,0
22329,1
22330,0
22331,1
22332,1
22333,0
22338,1
22339,0
22340,0
22341,0
22346,1
22347,1
22350,1
22351,1
22358,1
22359,0
22360,1
22361,0
22364,1
22365,0
22366,1
22367,0
22378,1
22379,1
22386,1
22387,0
22390,0
22391,1
22394,0
22395,1
22404,1
22405,0
22410,0
22411,0
22420,1
22421,0
22422,1
22423,0
22430,0
22431,0
22438,1
22439,1
22446,0
22447,1
22448,0
22449,0
22450,0
22451,1
22456,0
22457,1
22458,1
22459,1
22462,1
22463,0
22470,0
22471,0
22476,1
22477,1
22478,0
22479,0
22484,1
22485,1
22486,0
22487,1
22490,1
22491,1
22492,0
22493,1
22494,0
22495,0
22496,0
22497,0
22498,1
22499,0
22512,0
22513,1
22518,1
22519,0
22532,0
22533,0
22534,0
22535,1
22538,0
22539,0
22548,0
22549,0
22550,0
22551,1
22552,1
22553,1
22560,1
22561,0
22566,1
22567,1
22568,0
22569,0
22574,1
22575,1
22578,1
22579,1
22594,0
22595,0
22596,1
22597,0
22608,1
22609,1
22612,0
22613,1
22616,1
22617,0
22628,0
22629,0
22654,1
22655,1
22656,0
22657,1
22666,1
22667,1
22672,0
22673,0
22680,1
22681,1
22688,1
22689,1
22694,0
22695,0
22706,0
22707,1
22708,0
22709,1
22710,0
22711,1
22716,1
22717,1
22718,1
22719,0
22724,1
22725,1
22728,0
22729,0
22732,1
22733,1
22736,1
22737,0
22744,1
22745,0
22754,0
22755,1
22758,0
22759,1
22760,0
22761,0
22762,0
22763,0
22766,0
22767,1
22768,0
22769,1
22770,0
22771,0
22782,1
22783,0
22784,0
22785,1
22786,0
22787,0
22790,1
22791,1
22792,1
22793,1
22802,1
22803,1
22810,1
22811,0
22822,0
22823,1
22824,0
22825,0
22828,0
22829,0
22830,0
22831,1
22836,1
22837,0
22840,1
22841,0
22848,1
22849,0
22850,1
22851,1
22852,1
22853,0
22858,1
22859,1
22860,0
22861,1
22862,0
22863,1
22866,1
22867,0
22884,0
22885,1
22886,1
22887,0
22890,0
22891,0
22896,1
22897,0
22900,1
22901,0
22902,0
22903,1
22904,0
22905,0
22912,0
22913,1
22914,0
22915,0
22922,0
22923,1
22932,0
22933,0
22936,0
22937,0
22944,1
22945,0
22948,1
22949,1
22958,0
22959,1
22964,0
22965,1
22966,0
22967,0
22968,1
22969,0
22972,1
22973,0
22980,0
22981,0
22988,1
22989,0
22998,0
22999,1
23004,0
23005,1
23006,1
23007,0
23014,0
23015,0
23038,0
23039,1
23044,1
23045,0
23046,1
23047,0
23056,0
23057,1
23072,0
23073,1
23090,1
23091,0
23092,0
23093,0
23110,1
23111,0
23118,1
23119,0
23122,1
23123,0
23124,0
23125,1
23134,1
23135,0
23140,1
23141,0
23146,1
23147,0
23148,0
23149,1
23150,0
23151,1
23152,1
23153,0
23158,0
23159,1
23168,1
23169,1
23174,0
23175,1
23188,0
23189,1
23198,0
23199,0
23204,0
23205,0
23206,0
23207,1
23224,1
23225,1
23238,0
23239,0
23244,0
23245,1
23256,0
23257,0
23260,1
23261,1
23270,0
23271,1
23272,0
23273,1
23274,0
23275,0
23278,1
23279,0
23282,1
23283,1
23286,0
23287,1
23292,1
23293,1
23294,1
23295,1
23308,0
23309,1
23320,1
23321,1
23322,1
23323,0
23338,1
23339,0
23346,0
23347,1
23354,0
23355,1
23364,0
23365,1
23366,1
23367,0
23374,0
23375,0
23376,1
23377,0
23378,1
23379,0
23392,0
23393,0
23394,0
23395,1
23396,1
23397,1
23404,1
23405,0
23410,1
23411,1
23412,1
23413,1
23424,1
23425,0
23434,0
23435,0
23436,1
23437,1
23440,1
23441,0
23452,0
23453,0
23460,0
23461,0
23462,1
23463,0
23476,1
23477,1
23478,1
23479,1
23484,0
23485,1
23488,0
23489,0
23500,0
23501,1
23502,1
23503,0
23504,1
23505,1
23506,0
23507,0
23508,1
23509,1
23512,0
23513,0
23514,1
23515,0
23516,0
23517,1
23524,0
23525,0
23526,0
23527,0
23542,0
23543,0
23544,1
23545,0
23546,0
23547,0
23548,1
23549,0
23550,1
23551,0
23554,1
23555,0
23558,1
23559,0
23562,0
23563,0
23564,0
23565,1
23576,1
23577,1
23580,1
23581,0
23584,1
23585,0
23586,1
23587,1
23592,0
23593,1
23598,1
23599,0
23602,1
23603,1
23606,1
23607,0
23624,0
23625,0
23626,0
23627,1
23628,1
23629,1
23630,1
23631,1
23632,1
23633,1
23636,1
23637,0
23644,0
23645,1
23650,0
23651,0
23654,0
23655,0
23660,0
23661,1
23662,0
23663,1
23672,0
23673,0
23674,1
23675,0
23676,0
23677,1
23698,1
23699,1
23704,0
23705,1
23706,1
23707,1
23714,0
23715,1
23716,0
23717,1
23734,0
23735,1
23744,0
23745,0
23748,0
23749,1
23752,0
23753,1
23768,1
23769,0
23776,0
23777,0
23790,0
23791,1
23802,1
23803,0
23816,1
23817,0
23836,0
23837,0
23840,0
23841,0
23842,0
23843,0
23848,0
23849,1
23856,0
23857,0
23860,0
23861,0
23874,1
23875,1
23886,0
23887,0
23896,1
23897,0
23912,0
23913,1
23914,1
23915,1
23918,1
23919,0
23920,0
23921,0
23922,1
23923,0
23934,0
23935,0
23942,1
23943,0
23966,1
23967,1
23968,1
23969,0
23970,0
23971,0
23972,0
23973,0
23974,1
23975,1
23982,0
23983,0
23988,1
23989,1
24004,0
24005,1
24006,1
24007,1
24018,1
24019,1
24036,0
24037,0
24040,1
24041,1
24050,1
24051,0
24062,0
24063,0
24064,0
24065,0
24066,0
24067,1
24068,0
24069,0
24070,1
24071,1
24088,1
24089,1
24100,1
24101,1
24124,0
24125,1
24128,0
24129,0
24138,0
24139,1
24152,0
24153,1
24158,1
24159,1
24160,1
24161,0
24162,1
24163,1
24166,1
24167,0
24168,1
24169,1
24170,1
24171,1
24172,1
24173,0
24174,1
24175,0
24180,1
24181,0
24186,1
24187,0
24188,0
24189,1
24196,1
24197,0
24214,0
24215,1
24220,1
24221,0
24228,0
24229,1
24232,1
24233,0
24244,1
24245,0
24248,0
24249,0
24250,1
24251,0
24266,0
24267,1
24270,1
24271,0
24278,1
24279,1
24280,0
24281,1
24282,0
24283,0
24288,1
24289,0
24294,0
24295,1
24296,1
24297,0
24302,1
24303,0
24318,0
24319,0
24324,1
24325,0
24328,1
24329,1
24340,1
24341,1
24342,0
24343,1
24344,0
24345,1
24346,0
24347,0
24372,1
24373,0
24378,1
24379,1
24400,0
24401,0
24412,0
24413,0
24416,1
24417,1
24420,0
24421,1
24426,0
24427,0
24430,1
24431,1
24432,1
24433,0
24440,1
24441,0
24444,0
24445,1
24450,0
24451,0
24456,1
24457,1
24466,0
24467,0
24468,0
24469,0
24470,1
24471,1
24474,1
24475,0
24478,0
24479,0
24488,1
24489,1
24490,0
24491,1
24494,1
24495,1
24500,0
24501,1
24512,1
24513,0
24516,0
24517,0
24518,0
24519,1
24522,1
24523,1
24526,0
24527,1
24530,1
24531,1
24556,1
24557,0
24560,0
24561,1
24568,1
24569,1
24570,1
24571,1
24584,0
24585,0
24586,0
24587,0
24588,1
24589,0
24592,0
24593,0
24594,0
24595,0
24596,0
24597,1
24598,1
24599,1
24602,0
24603,1
24608,1
24609,0
24612,1
24613,1
24624,1
24625,0
24626,1
24627,1
24628,0
24629,1
24640,1
24641,1
24646,1
24647,1
24648,0
24649,0
24650,1
24651,1
24652,0
24653,1
24654,0
24655,0
24658,0
24659,1
24668,1
24669,0
24670,0
24671,0
24674,0
24675,1
24676,0
24677,1
24678,0
24679,0
24680,0
24681,1
24686,1
24687,1
24692,1
24693,0
24704,1
24705,0
24712,1
24713,0
24718,1
24719,1
24728,0
24729,1
24734,1
24735,0
24738,1
24739,0
24744,0
24745,0
24750,1
24751,1
24752,0
24753,1
24758,0
24759,1
24768,0
24769,1
24794,1
24795,0
24800,1
24801,0
24806,1
24807,0
24812,1
24813,0
24814,0
24815,0
24834,0
24835,1
24838,0
24839,0
24840,0
24841,0
24846,0
24847,1
24848,0
24849,1
24850,0
24851,1
24852,0
24853,1
24854,1
24855,0
24856,0
24857,1
24860,0
24861,1
24868,0
24869,0
24872,0
24873,0
24876,1
24877,0
24878,1
24879,1
24884,0
24885,1
24890,1
24891,0
24900,1
24901,0
24914,0
24915,1
24918,0
24919,1
24920,0
24921,0
24922,1
24923,0
24928,1
24929,1
24932,1
24933,0
24934,1
24935,0
24940,0
24941,1
24942,1
24943,1
24952,0
24953,1
24956,0
24957,1
24962,0
24963,1
24972,1
24973,0
24978,0
24979,1
24992,1
24993,1
24996,0
24997,1
25002,1
25003,1
25014,0
25015,1
25018,1
25019,0
25038,0
25039,0
25040,0
25041,1
25050,0
25051,0
25064,0
25065,1
25066,1
25067,0
25086,0
25087,0
25098,0
25099,1
25116,1
25117,1
25124,0
25125,0
25132,1
25133,1
25140,1
25141,0
25146,0
25147,1
25162,0
25163,1
25166,1
25167,0
25178,0
25179,1
25184,0
25185,0
25206,0
25207,0
25216,0
25217,0
25218,1
25219,0
25224,1
25225,0
25230,1
25231,0
25234,0
25235,1
25236,0
25237,0
25242,1
25243,0
25246,0
25247,1
25248,0
25249,0
25250,0
25251,0
25252,1
25253,0
25260,0
25261,1
25274,0
25275,0
25280,0
25281,1
25292,1
25293,0
25294,0
25295,1
25296,1
25297,0
25304,0
25305,1
25306,1
25307,0
25308,0
25309,0
25318,1
25319,1
25324,1
25325,0
25330,0
25331,0
25344,1
25345,1
25348,0
25349,1
25350,1
25351,1
25354,1
25355,1
25362,1
25363,1
25372,0
25373,0
25374,1
25375,1
25378,1
25379,1
25380,1
25381,1
25382,0
25383,1
25384,0
25385,1
25394,0
25395,1
25398,0
25399,0
25402,1
25403,0
25408,1
25409,0
25420,0
25421,1
25422,0
25423,0
25432,0
25433,0
25456,1
25457,1
25460,1
25461,1
25466,0
25467,0
25470,1
25471,0
25474,0
25475,0
25478,1
25479,1
25480,1
25481,0
25482,0
25483,0
25484,0
25485,0
25486,1
25487,0
25492,1
25493,1
25496,1
25497,0
25498,0
25499,0
25506,1
25507,0
25514,0
25515,0
25516,1
25517,0
25538,0
25539,0
25540,0
25541,1
25542,1
25543,1
25550,0
25551,0
25554,0
25555,0
25556,1
25557,0
25558,1
25559,0
25566,1
25567,0
25574,1
25575,1
25588,0
25589,0
25592,1
25593,0
25600,0
25601,0
25602,1
25603,0
25608,0
25609,1
25612,0
25613,1
25624,1
25625,0
25626,0
25627,1
25636,0
25637,0
25638,0
25639,0
25642,0
25643,0
25648,1
25649,0
25650,0
25651,1
25652,1
25653,1
25656,1
25657,0
25660,1
25661,0
25666,1
25667,1
25684,0
25685,1
25686,1
25687,0
25688,0
25689,0
25690,1
25691,1
25692,1
25693,0
25694,1
25695,1
25698,0
25699,1
25700,1
25701,1
25702,0
25703,0
25708,0
25709,0
25710,1
25711,0
25712,0
25713,0
25714,1
25715,1
25722,0
25723,0
25728,1
25729,1
25732,0
25733,1
25742,0
25743,0
25748,0
25749,1
25754,1
25755,0
25768,1
25769,0
25770,0
25771,0
25772,0
25773,1
25774,1
25775,0
25780,1
25781,0
25790,0
25791,0
25796,0
25797,0
25810,0
25811,0
25814,0
25815,0
25816,0
25817,0
25826,1
25827,1
25828,1
25829,1
25844,1
25845,1
25846,0
25847,1
25848,0
25849,1
25852,1
25853,0
25854,0
25855,0
25858,0
25859,0
25864,1
25865,0
25868,0
25869,0
25870,0
25871,0
25874,0
25875,1
25876,1
25877,1
25878,0
25879,0
25892,1
25893,1
25896,1
25897,1
25900,1
25901,0
25928,0
25929,1
25930,0
25931,0
25936,1
25937,1
25938,1
25939,1
25952,1
25953,0
25958,0
25959,0
25966,0
25967,1
25970,0
25971,1
25972,1
25973,0
25974,0
25975,0
25976,0
25977,0
25980,1
25981,0
25984,1
25985,1
25988,1
25989,1
25992,1
25993,0
25994,0
25995,1
25996,0
25997,1
26008,0
26009,1
26020,0
26021,0
26022,0
26023,0
26030,1
26031,1
26032,0
26033,0
26034,1
26035,0
26036,1
26037,0
26044,0
26045,1
26050,1
26051,0
26052,0
26053,1
26054,0
26055,0
26058,1
26059,1
26072,0
26073,1
26074,0
26075,0
26076,1
26077,0
26084,0
26085,1
26092,1
26093,0
26094,1
26095,0
26096,0
26097,1
26098,1
26099,1
26104,0
26105,0
26108,1
26109,1
26116,1
26117,0
26118,0
26119,0
26122,1
26123,0
26132,1
26133,1
26134,1
26135,0
26136,0
26137,1
26140,0
26141,0
26144,1
26145,1
26146,0
26147,0
26158,1
26159,1
26172,0
26173,0
26176,1
26177,0
26182,1
26183,1
26196,0
26197,0
26202,1
26203,0
26226,0
26227,0
26238,0
26239,0
26240,0
26241,1
26250,0
26251,0
26264,0
26265,0
26276,0
26277,0
26280,1
26281,1
26282,1
26283,1
26286,1
26287,0
26306,1
26307,1
26326,1
26327,0
26328,1
26329,1
26330,0
26331,1
26336,1
26337,0
26340,1
26341,1
26344,0
26345,0
26350,1
26351,1
26354,0
26355,0
26370,0
26371,0
26372,1
26373,1
26388,0
26389,1
26406,1
26407,1
26408,1
26409,1
26410,0
26411,0
26418,1
26419,1
26420,1
26421,0
26424,1
26425,0
26426,1
26427,0
26428,1
26429,1
26430,0
26431,0
26432,0
26433,1
26438,1
26439,0
26446,0
26447,1
26448,0
26449,0
26450,1
26451,1
26458,1
26459,0
26462,0
26463,1
26464,0
26465,1
26472,1
26473,0
26474,1
26475,1
26480,1
26481,0
26490,0
26491,0
26496,1
26497,0
26498,1
26499,0
26506,1
26507,0
26512,0
26513,0
26540,1
26541,1
26542,1
26543,0
26546,0
26547,0
26550,1
26551,1
26552,0
26553,0
26560,1
26561,0
26578,0
26579,0
26584,0
26585,0
26586,0
26587,0
26610,0
26611,0
26612,0
26613,1
26622,1
26623,0
26638,1
26639,0
26650,1
26651,1
26654,1
26655,0
26658,0
26659,0
26660,0
26661,1
26662,0
26663,0
26666,0
26667,1
26674,0
26675,0
26676,0
26677,0
26682,0
26683,0
26684,1
26685,0
26686,0
26687,1
26688,1
26689,0
26690,0
26691,1
26692,1
26693,0
26694,0
26695,1
26696,1
26697,1
26698,1
26699,0
26708,0
26709,0
26712,1
26713,1
26724,1
26725,1
26726,0
26727,1
26728,1
26729,0
26736,0
26737,0
26746,0
26747,0
26778,1
26779,0
26794,1
26795,1
26796,1
26797,1
26798,1
26799,0
26808,0
26809,0
26810,0
26811,0
26826,0
26827,1
26830,1
26831,0
26834,0
26835,0
26838,0
26839,1
26842,1
26843,1
26848,1
26849,0
26850,1
26851,0
26852,1
26853,1
26854,0
26855,0
26858,0
26859,1
26868,1
26869,0
26878,0
26879,1
26880,1
26881,1
26890,1
26891,1
26892,1
26893,0
26896,1
26897,1
26904,0
26905,1
26906,1
26907,0
26912,1
26913,0
26914,1
26915,1
26916,1
26917,1
26922,1
26923,1
26934,1
26935,0
26940,1
26941,1
26946,0
26947,0
26948,1
26949,1
26950,1
26951,0
26956,0
26957,0
26968,0
26969,1
26972,1
26973,0
26986,1
26987,1
26988,1
26989,1
26994,1
26995,1
27002,0
27003,1
27010,1
27011,0
27014,1
27015,1
27040,0
27041,0
27046,1
27047,0
27048,0
27049,0
27054,1
27055,1
27060,1
27061,0
27062,1
27063,1
27072,0
27073,0
27074,0
27075,1
27078,0
27079,0
27084,0
27085,0
27096,1
27097,0
27100,0
27101,0
27102,1
27103,0
27112,0
27113,0
27126,0
27127,1
27140,1
27141,1
27148,0
27149,1
27156,1
27157,1
27158,0
27159,0
27166,0
27167,0
27168,0
27169,1
27170,0
27171,0
27172,0
27173,0
27178,1
27179,0
27180,1
27181,0
27186,0
27187,0
27194,0
27195,0
27198,0
27199,0
27200,0
27201,0
27202,0
27203,0
27208,0
27209,1
27216,1
27217,1
27218,0
27219,0
27222,0
27223,1
27226,0
27227,0
27232,0
27233,1
27236,0
27237,1
27240,0
27241,1
27246,1
27247,1
27256,0
27257,1
27258,0
27259,1
27260,1
27261,0
27266,1
27267,1
27270,0
27271,1
27272,1
27273,1
27280,1
27281,0
27288,1
27289,0
27292,0
27293,1
27306,0
27307,1
27308,0
27309,1
27314,0
27315,0
27316,1
27317,1
27334,0
27335,1
27338,1
27339,0
27340,1
27341,1
27344,0
27345,0
27346,0
27347,0
27352,1
27353,0
27362,1
27363,1
27364,1
27365,0
27368,1
27369,0
27390,0
27391,1
27392,1
27393,0
27404,1
27405,1
27410,0
27411,0
27424,1
27425,0
27428,1
27429,1
27430,0
27431,1
27438,1
27439,1
27442,1
27443,1
27446,0
27447,0
27448,1
27449,0
27450,0
27451,0
27456,0
27457,0
27458,1
27459,0
27462,0
27463,0
27466,0
27467,0
27468,1
27469,0
27470,0
27471,0
27474,0
27475,1
27482,1
27483,0
27484,1
27485,1
27488,0
27489,1
27502,0
27503,1
27504,1
27505,0
27506,1
27507,1
27512,1
27513,0
27520,0
27521,0
27522,1
27523,0
27540,0
27541,1
27550,0
27551,1
27562,1
27563,1
27564,0
27565,1
27566,1
27567,0
27574,0
27575,0
27594,1
27595,0
27602,1
27603,1
27604,0
27605,1
27606,0
27607,1
27616,1
27617,0
27628,1
27629,1
27630,0
27631,1
27632,0
27633,1
27638,0
27639,0
27648,1
27649,1
27650,1
27651,0
27654,1
27655,1
27660,0
27661,0
27666,0
27667,1
27672,0
27673,1
27676,0
27677,0
27680,0
27681,1
27700,0
27701,0
27706,0
27707,1
27714,0
27715,1
27732,0
27733,0
27736,1
27737,0
27744,0
27745,1
27746,1
27747,1
27752,0
27753,0
27756,0
27757,1
27762,0
27763,1
27772,0
27773,0
27778,1
27779,1
27780,1
27781,0
27788,1
27789,1
27794,1
27795,1
27796,0
27797,0
27798,0
27799,1
27804,0
27805,1
27810,1
27811,1
27814,0
27815,1
27826,1
27827,1
27830,0
27831,1
27834,0
27835,0
27850,0
27851,0
27858,1
27859,0
27862,1
27863,0
27864,0
27865,0
27876,1
27877,1
27882,0
27883,0
27884,0
27885,1
27886,1
27887,1
27890,1
27891,0
27894,1
27895,0
27904,1
27905,1
27906,1
27907,0
27914,1
27915,0
27916,0
27917,1
27920,1
27921,1
27934,1
27935,1
27948,1
27949,0
27952,1
27953,1
27962,0
27963,0
27964,0
27965,0
27970,0
27971,0
27972,0
27973,0
27976,0
27977,1
27978,0
27979,0
27980,1
27981,1
28004,0
28005,1
28006,0
28007,1
28008,0
28009,0
28016,1
28017,0
28022,1
28023,0
28024,0
28025,1
28026,1
28027,0
28032,1
28033,0
28034,1
28035,1
28038,0
28039,0
28046,0
28047,0
28054,1
28055,0
28062,0
28063,1
28066,0
28067,1
28070,1
28071,1
28078,0
28079,1
28084,1
28085,1
28086,1
28087,0
28090,0
28091,0
28092,1
28093,1
28094,0
28095,0
28098,1
28099,0
28104,1
28105,0
28106,1
28107,1
28108,0
28109,1
28122,0
28123,1
28138,0
28139,1
28140,0
28141,1
28164,1
28165,0
28178,1
28179,1
28180,0
28181,0
28182,1
28183,1
28184,0
28185,1
28186,0
28187,0
28188,0
28189,0
28190,1
28191,1
28192,0
28193,1
28194,0
28195,0
28200,1
28201,0
28206,1
28207,0
28214,1
28215,0
28220,0
28221,0
28224,0
28225,1
28230,1
28231,1
28232,0
28233,1
28234,0
28235,0
28240,1
28241,0
28246,1
28247,0
28252,1
28253,1
28254,1
28255,0
28262,1
28263,0
28274,0
28275,1
28278,1
28279,1
28282,1
28283,0
28284,0
28285,1
28294,1
28295,0
28298,1
28299,1
28302,0
28303,1
28314,0
28315,1
28316,0
28317,0
28318,1
28319,0
28330,1
28331,1
28344,1
28345,1
28350,1
28351,1
28356,0
28357,1
28358,1
28359,0
28360,1
28361,1
28362,1
28363,0
28368,0
28369,0
28374,1
28375,0
28378,0
28379,0
28386,1
28387,0
28390,0
28391,0
28392,1
28393,0
28398,1
28399,1
28406,1
28407,0
28412,0
28413,1
28414,1
28415,1
28422,1
28423,0
28424,0
28425,0
28434,0
28435,0
28442,1
28443,0
28452,0
28453,0
28456,1
28457,1
28460,0
28461,0
28466,0
28467,0
28468,0
28469,0
28470,1
28471,0
28474,1
28475,1
28486,1
28487,0
28496,0
28497,1
28504,1
28505,1
28506,0
28507,1
28516,1
28517,1
28518,0
28519,0
28520,0
28521,0
28522,1
28523,1
28526,0
28527,1
28530,1
28531,1
28536,0
28537,0
28550,1
28551,0
28572,1
28573,0
28576,1
28577,1
28580,1
28581,1
28584,0
28585,0
28596,1
28597,1
28604,0
28605,1
28610,1
28611,1
28612,1
28613,1
28618,0
28619,0
28620,0
28621,0
28626,1
28627,0
28628,0
28629,0
28632,0
28633,0
28634,1
28635,0
28636,1
28637,1
28642,1
28643,0
28646,0
28647,0
28648,1
28649,1
28652,1
28653,1
28654,0
28655,1
28656,0
28657,1
28658,0
28659,1
28672,0
28673,0
28674,1
28675,0
28684,1
28685,1
28688,0
28689,0
28690,0
28691,1
28692,0
28693,1
28710,1
28711,0
28722,0
28723,0
28730,1
28731,0
28736,0
28737,0
28738,1
28739,0
28744,1
28745,1
28746,0
28747,1
28752,0
28753,0
28764,0
28765,1
28770,1
28771,1
28772,1
28773,1
28774,1
28775,0
28778,1
28779,1
28784,0
28785,1
28792,0
28793,1
28794,1
28795,0
28798,1
28799,0
28800,1
28801,0
28802,1
28803,1
28804,1
28805,1
28810,0
28811,1
28818,1
28819,1
28820,0
28821,0
28826,0
28827,0
28830,0
28831,1
28832,0
28833,0
28834,1
28835,1
28838,1
28839,0
28850,0
28851,0
28852,1
28853,0
28866,0
28867,0
28876,0
28877,0
28878,1
28879,1
28892,1
28893,1
28898,1
28899,1
28904,1
28905,1
28912,1
28913,0
28916,1
28917,0
28930,1
28931,1
28936,0
28937,0
28946,1
28947,1
28952,0
28953,0
28954,0
28955,0
28956,0
28957,1
28974,0
28975,1
28990,1
28991,0
28992,1
28993,1
28998,1
28999,1
29000,1
29001,1
29010,1
29011,1
29022,1
29023,1
29024,1
29025,0
29026,1
29027,1
29038,0
29039,0
29040,0
29041,1
29048,0
29049,0
29050,1
29051,0
29052,1
29053,1
29054,0
29055,1
29058,1
29059,1
29062,1
29063,1
29064,0
29065,1
29078,0
29079,0
29080,1
29081,0
29082,0
29083,1
29084,0
29085,0
29086,1
29087,1
29088,0
29089,0
29098,0
29099,1
29100,0
29101,0
29106,0
29107,1
29116,1
29117,0
29118,0
29119,1
29120,0
29121,0
29122,0
29123,0
29128,0
29129,0
29134,1
29135,0
29136,0
29137,1
29142,0
29143,1
29144,1
29145,1
29152,0
29153,1
29156,0
29157,1
29158,0
29159,0
29164,1
29165,1
29168,0
29169,0
29172,0
29173,0
29180,1
29181,0
29202,0
29203,0
29206,1
29207,0
29208,1
29209,0
29210,0
29211,0
29212,1
29213,0
29220,0
29221,0
29226,0
29227,0
29232,1
29233,0
29234,0
29235,0
29236,0
29237,0
29240,0
29241,0
29244,0
29245,0
29262,0
29263,0
29266,1
29267,0
29272,1
29273,1
29284,1
29285,0
29296,0
29297,1
29302,1
29303,1
29306,0
29307,0
29310,1
29311,1
29340,0
29341,0
29352,0
29353,1
29356,0
29357,0
29360,1
29361,0
29363,1
29382,1
29383,0
29386,0
29387,1
29388,1
29389,0
29398,1
29399,0
29402,0
29403,0
29410,0
29411,1
29414,0
29415,1
29418,1
29419,1
29424,0
29425,1
29428,0
29429,0
29432,1
29433,1
29440,1
29441,1
29458,0
29459,0
29466,0
29467,0
29478,1
29479,1
29482,1
29483,1
29488,1
29489,1
29492,1
29493,0
29504,0
29505,1
29526,0
29527,1
29528,1
29529,0
29530,1
29531,1
29534,1
29535,0
29538,1
29539,0
29558,1
29559,0
29560,1
29561,0
29568,1
29569,1
29574,1
29575,1
29582,0
29583,0
29584,0
29585,0
29590,0
29591,1
29592,0
29593,0
29598,1
29599,1
29604,0
29605,1
29610,1
29611,0
29612,1
29613,0
29614,0
29615,0
29624,0
29625,0
29628,0
29629,0
29632,1
29633,1
29638,0
29639,1
29640,1
29641,1
29652,0
29653,1
29654,1
29655,1
29658,0
29659,0
29660,0
29661,1
29670,0
29671,0
29682,0
29683,0
29684,0
29685,0
29700,0
29701,0
29704,1
29705,0
29712,1
29713,0
29716,1
29717,1
29722,0
29723,0
29724,0
29725,1
29728,0
29729,0
29730,0
29731,1
29744,1
29745,0
29760,0
29761,0
29768,0
29769,1
29770,0
29771,0
29772,0
29773,0
29784,0
29785,1
29788,1
29789,1
29796,1
29797,0
29798,0
29799,1
29808,1
29809,1
29812,0
29813,0
29820,1
29821,1
29824,0
29825,0
29828,0
29829,0
29830,1
29831,1
29834,0
29835,1
29842,1
29843,1
29844,0
29845,0
29848,1
29849,0
29860,0
29861,1
29876,0
29877,0
29880,1
29881,0
29886,0
29887,0
29888,1
29889,0
29896,1
29897,0
29906,0
29907,0
29908,0
29909,1
29916,1
29917,1
29920,1
29921,0
29924,0
29925,0
29926,1
29927,0
29928,1
29929,1
29932,1
29933,0
29934,0
29935,0
29936,0
29937,1
29938,0
29939,1
29940,1
29941,1
29944,0
29945,1
29946,1
29947,1
29952,0
29953,0
29966,0
29967,0
29974,1
29975,0
29980,1
29981,1
29982,0
29983,0
29984,0
29985,0
29988,1
29989,0
30000,0
30001,1
30012,0
30013,1
30032,0
30033,1
30042,1
30043,0
30046,1
30047,0
30048,1
30049,1
30050,0
30051,1
30054,1
30055,0
30058,1
30059,1
30074,0
30075,0
30078,1
30079,0
30084,1
30085,0
30086,1
30087,1
30098,0
30099,1
30100,1
30101,0
30104,1
30105,0
30106,0
30107,1
30112,1
30113,0
30124,1
30125,0
30128,0
30129,0
30142,1
30143,0
30148,0
30149,0
30150,0
30151,1
30154,1
30155,0
30158,0
30159,0
30160,1
30161,0
30164,1
30165,1
30168,0
30169,0
30182,1
30183,1
30190,1
30191,1
30194,1
30195,0
30196,1
30197,0
30202,0
30203,0
30214,1
30215,0
30216,0
30217,1
30226,1
30227,0
30232,0
30233,0
30242,0
30243,1
30244,1
30245,0
30250,0
30251,0
30266,0
30267,0
30272,0
30273,1
30278,1
30279,1
30280,1
30281,1
30282,0
30283,0
30284,0
30285,0
30290,1
30291,1
30298,0
30299,0
30300,1
30301,0
30302,1
30303,1
30308,0
30309,0
30312,0
30313,1
30314,1
30315,0
30316,0
30317,0
30318,1
30319,0
30320,0
30321,1
30334,1
30335,1
30342,1
30343,0
30346,1
30347,0
30352,1
30353,0
30358,0
30359,0
30360,1
30361,1
30368,0
30369,0
30370,1
30371,0
30386,0
30387,1
30388,1
30389,0
30390,1
30391,0
30396,1
30397,0
30406,0
30407,0
30408,1
30409,0
30416,0
30417,0
30418,1
30419,1
30422,1
30423,1
30424,1
30425,1
30428,0
30429,1
30432,1
30433,0
30438,1
30439,1
30442,0
30443,0
30454,0
30455,0
30456,1
30457,1
30458,0
30459,0
30484,0
30485,0
30492,0
30493,0
30510,1
30511,1
30512,0
30513,0
30518,0
30519,1
30530,0
30531,1
30542,1
30543,0
30548,0
30549,0
30552,0
30553,1
30558,0
30559,1
30562,0
30563,0
30564,0
30565,0
30570,1
30571,0
30574,1
30575,0
30578,1
30579,1
30584,0
30585,0
30586,0
30587,0
30602,1
30603,1
30608,1
30609,0
30612,1
30613,0
30614,1
30615,0
30616,1
30617,1
30618,0
30619,1
30628,0
30629,1
30640,0
30641,0
30644,1
30645,0
30646,1
30647,0
30648,1
30649,0
30652,0
30653,0
30662,0
30663,0
30666,1
30667,1
30670,1
30671,0
30674,1
30675,1
30680,1
30681,0
30684,0
30685,1
30686,1
30687,1
30690,1
30691,1
30692,1
30693,1
30696,0
30697,0
30700,1
30701,1
30702,0
30703,1
30710,1
30711,0
30712,0
30713,1
30726,1
30727,1
30734,1
30735,0
30742,1
30743,0
30744,1
30745,0
30748,1
30749,0
30758,0
30759,1
30760,1
30761,0
30766,0
30767,0
30768,1
30769,0
30778,0
30779,1
30792,0
30793,1
30798,0
30799,1
30802,1
30803,1
30804,1
30805,1
30806,1
30807,0
30810,0
30811,1
30812,1
30813,1
30822,0
30823,0
30826,1
30827,1
30838,0
30839,1
30840,1
30841,1
30842,0
30843,1
30854,0
30855,0
30862,1
30863,0
30868,1
30869,0
30878,1
30879,0
30884,0
30885,1
30896,1
30897,0
30900,0
30901,1
30902,0
30903,0
30906,0
30907,0
30912,0
30913,0
30914,0
30915,1
30918,1
30919,0
30928,0
30929,0
30930,1
30931,0
30932,1
30933,0
30936,1
30937,0
30944,0
30945,0
30946,1
30947,1
30950,0
30951,0
30952,0
30953,0
30958,0
30959,0
30964,1
30965,1
30966,0
30967,0
30968,1
30969,1
30970,1
30971,0
30982,1
30983,0
30992,0
30993,1
30996,1
30997,0
30998,1
30999,0
31000,0
31001,1
31002,0
31003,0
31006,0
31007,0
31014,0
31015,1
31016,0
31017,1
31026,0
31027,0
31028,0
31029,0
31040,1
31041,1
31052,0
31053,1
31060,0
31061,0
31068,0
31069,0
31072,0
31073,1
31074,0
31075,0
31080,0
31081,1
31098,0
31099,0
31102,0
31103,0
31104,1
31105,0
31108,0
31109,1
31118,0
31119,0
31128,0
31129,1
31136,1
31137,0
31142,0
31143,1
31144,0
31145,1
31146,1
31147,0
31148,0
31149,0
31158,0
31159,0
31164,1
31165,1
31178,1
31179,0
31188,0
31189,0
31190,0
31191,0
31196,1
31197,1
31214,1
31215,1
31224,1
31225,1
31230,1
31231,0
31242,1
31243,0
31244,0
31245,1
31248,1
31249,1
31256,1
31257,0
31262,1
31263,0
31268,0
31269,0
31270,1
31271,1
31272,0
31273,1
31292,1
31293,1
31294,0
31295,0
31300,1
31301,0
31310,1
31311,1
31312,1
31313,1
31316,0
31317,0
31318,0
31319,0
31320,1
31321,1
31330,1
31331,1
31332,0
31333,1
31334,1
31335,1
31338,0
31339,0
31346,0
31347,0
31348,1
31349,1
31350,1
31351,1
31364,0
31365,0
31368,1
31369,0
31372,0
31373,1
31376,1
31377,1
31378,1
31379,0
31382,0
31383,1
31384,0
31385,1
31400,1
31401,0
31404,1
31405,0
31406,0
31407,1
31416,1
31417,0
31422,1
31423,0
31424,0
31425,0
31426,1
31427,0
31430,0
31431,0
31434,0
31435,1
31442,1
31443,0
31446,1
31447,0
31452,1
31453,0
31454,0
31455,0
31456,1
31457,1
31462,1
31463,0
31466,1
31467,0
31476,1
31477,0
31480,0
31481,0
31484,0
31485,0
31486,0
31487,0
31496,1
31497,0
31500,1
31501,1
31516,0
31517,0
31530,0
31531,0
31542,1
31543,0
31548,0
31549,0
31554,1
31555,0
31570,0
31571,0
31582,1
31583,0
31586,0
31587,0
31594,0
31595,1
31596,1
31597,1
31604,0
31605,1
31606,1
31607,0
31608,1
31609,0
31612,1
31613,1
31616,1
31617,0
31618,0
31619,0
31622,1
31623,0
31626,0
31627,0
31628,1
31629,1
31644,1
31645,0
31646,1
31647,0
31650,1
31651,1
31652,1
31653,0
31662,0
31663,0
31668,1
31669,0
31672,0
31673,0
31674,0
31675,0
31676,1
31677,0
31686,0
31687,0
31688,1
31689,1
31690,0
31691,1
31692,1
31693,0
31710,0
31711,0
31712,0
31713,0
31718,0
31719,1
31720,0
31721,0
31730,1
31731,1
31736,1
31737,0
31748,0
31749,0
31754,0
31755,1
31760,0
31761,0
31762,1
31763,0
31766,0
31767,1
31770,1
31771,1
31776,0
31777,0
31780,0
31781,1
31782,0
31783,0
31786,0
31787,0
31788,1
31789,1
31816,1
31817,0
31828,1
31829,1
31840,1
31841,1
31846,0
31847,0
31850,0
31851,1
31854,0
31855,0
31856,1
31857,0
31860,1
31861,1
31864,0
31865,0
31866,0
31867,0
31872,1
31873,0
31878,0
31879,0
31902,1
31903,0
31908,0
31909,1
31924,0
31925,0
31926,1
31927,1
31934,0
31935,1
31936,0
31937,0
31938,1
31939,1
31940,1
31941,0
31942,0
31943,0
31954,0
31955,0
31966,1
31967,0
31970,1
31971,1
31974,1
31975,0
31982,1
31983,1
32000,0
32001,1
32002,1
32003,0
32008,1
32009,0
32012,1
32013,0
32016,1
32017,1
32030,1
32031,1
32032,0
32033,1
32034,1
32035,0
32050,0
32051,1
32052,1
32053,0
32062,0
32063,0
32070,1
32071,1
32078,1
32079,0
32082,1
32083,0
32084,0
32085,0
32088,1
32089,1
32094,0
32095,1
32100,0
32101,0
32108,0
32109,0
32112,0
32113,0
32116,0
32117,0
32120,0
32121,1
32124,0
32125,1
32134,0
32135,1
32136,0
32137,1
32140,1
32141,1
32150,1
32151,1
32156,1
32157,0
32162,0
32163,1
32176,0
32177,0
32180,1
32181,1
32188,0
32189,1
32192,0
32193,0
32196,1
32197,0
32206,0
32207,0
32210,1
32211,0
32212,0
32213,1
32218,0
32219,1
32226,0
32227,1
32230,1
32231,0
32232,1
32233,0
32244,0
32245,0
32256,0
32257,1
32276,0
32277,0
32278,0
32279,1
32290,1
32291,1
32298,0
32299,0
32300,0
32301,0
32302,0
32303,0
32304,0
32305,0
32308,1
32309,1
32316,0
32317,1
32318,1
32319,1
32324,0
32325,0
32330,1
32331,0
32334,0
32335,0
32340,1
32341,0
32342,0
32343,0
32358,1
32359,0
32360,0
32361,0
32374,1
32375,0
32380,1
32381,1
32382,1
32383,1
32404,0
32405,1
32408,1
32409,0
32420,1
32421,0
32430,1
32431,0
32440,1
32441,1
32444,1
32445,0
32446,0
32447,0
32456,1
32457,0
32458,1
32459,0
32460,1
32461,1
32466,0
32467,0
32470,0
32471,1
32472,0
32473,0
32478,1
32479,0
32482,1
32483,1
32486,0
32487,0
32492,0
32493,1
32498,0
32499,1
32502,0
32503,0
32516,0
32517,1
32518,0
32519,0
32520,0
32521,1
32524,0
32525,0
32530,0
32531,0
32534,0
32535,1
32538,0
32539,0
32546,0
32547,1
32548,1
32549,1
32554,0
32555,1
32556,1
32557,1
32572,0
32573,1
32574,0
32575,1
32576,1
32577,0
32588,0
32589,0
32590,0
32591,0
32592,0
32593,1
32594,1
32595,1
32596,0
32597,1
32598,0
32599,1
32600,0
32601,1
32604,1
32605,0
32616,0
32617,0
32620,1
32621,1
32628,1
32629,0
32632,1
32633,1
32634,1
32635,0
32636,1
32637,0
32651,1
32660,1
32661,0
32662,1
32663,0
