studentid,subsidy
6,1000
7,2000
12,0
13,0
14,0
24,1500
25,0
26,0
27,0
30,0
31,0
40,1500
41,1000
42,1000
43,0
44,1000
45,0
50,0
51,1500
52,0
53,2000
54,0
55,1500
58,0
59,0
68,1000
69,0
78,1000
79,0
80,0
81,2000
84,0
85,0
86,0
87,0
94,1000
95,1000
106,0
107,0
122,0
123,1000
124,0
125,0
126,1000
127,0
128,0
129,0
130,0
131,0
132,0
133,0
134,0
135,0
144,0
145,0
150,0
151,1000
164,0
165,0
168,1000
169,0
170,0
171,0
174,1500
175,0
176,0
177,0
180,0
181,1500
188,1000
189,0
196,0
197,0
208,0
209,1000
210,2000
211,1500
222,0
223,1000
226,0
227,0
240,1000
241,0
242,0
243,0
246,0
247,1000
248,0
249,1000
252,0
253,0
256,0
257,0
262,0
263,0
264,1000
265,1500
280,1000
281,0
284,0
285,0
292,0
293,0
302,0
303,0
314,1000
315,0
316,1000
317,0
326,0
327,0
332,1000
333,1000
336,0
337,1000
338,0
339,0
340,0
341,0
342,1000
343,1000
350,0
351,0
356,1000
357,1000
360,0
361,1000
364,0
365,0
370,0
371,0
374,1000
375,1000
378,0
379,0
380,0
381,0
382,1500
383,1500
392,1000
393,0
402,1000
403,0
410,0
411,0
414,0
415,0
422,0
423,0
428,0
429,0
434,0
435,0
436,0
437,0
456,1000
457,0
458,0
459,1000
464,1500
465,1000
472,0
473,0
482,1000
483,0
490,1000
491,0
492,0
493,0
494,1000
495,0
506,1000
507,0
514,0
515,0
516,1000
517,0
518,0
519,1000
520,0
521,0
530,1000
531,0
538,0
539,1000
540,0
541,0
542,1500
543,1000
546,0
547,0
548,0
549,1500
554,1000
555,1500
556,1000
557,0
560,0
561,0
568,1500
569,0
590,0
591,0
600,0
601,1000
622,0
623,0
628,0
629,1000
632,0
633,0
638,0
639,1000
644,0
645,0
652,0
653,1500
656,1000
657,0
660,0
661,0
666,0
667,0
670,1000
671,1000
672,0
673,0
676,1500
677,0
688,0
689,0
698,0
699,0
700,0
701,0
702,1000
703,0
704,0
705,1000
716,0
717,0
720,0
721,1000
722,1000
723,1500
724,1000
725,0
726,1000
727,0
752,0
753,0
760,1000
761,0
764,0
765,0
768,0
769,0
778,1000
779,1500
780,0
781,0
782,1500
783,0
784,1500
785,0
792,0
793,0
794,1000
795,0
806,0
807,1000
812,0
813,2000
814,0
815,0
818,1000
819,1000
828,1000
829,0
836,0
837,0
838,0
839,0
856,0
857,0
862,1500
863,1000
866,0
867,1000
870,0
871,1500
872,1500
873,0
874,0
875,0
876,0
877,0
880,0
881,1500
884,1000
885,1000
888,1000
889,0
892,0
893,1500
904,1500
905,0
906,1000
907,0
910,1000
911,0
912,0
913,1000
918,0
919,0
920,1000
921,0
926,1500
927,0
930,1500
931,0
962,1500
963,0
964,1000
965,0
968,1500
969,0
972,0
973,0
976,0
977,0
986,0
987,0
1004,0
1005,1000
1014,0
1015,0
1018,0
1019,1000
1028,1000
1029,0
1032,1500
1033,1500
1034,0
1035,1000
1042,0
1043,1000
1056,0
1057,0
1072,0
1073,1000
1076,0
1077,0
1086,0
1087,0
1090,1000
1091,0
1094,0
1095,1000
1100,0
1101,1000
1104,0
1105,1000
1106,0
1107,0
1112,0
1113,0
1114,0
1115,0
1116,1000
1117,1500
1122,1500
1123,0
1126,0
1127,0
1146,0
1147,0
1148,1000
1149,0
1158,0
1159,1500
1160,1500
1161,0
1162,0
1163,0
1164,0
1165,1000
1178,0
1179,0
1180,1000
1181,1000
1188,1500
1189,0
1190,1000
1191,0
1194,0
1195,1000
1230,0
1231,0
1234,1000
1235,0
1238,0
1239,1000
1244,0
1245,1000
1250,0
1251,0
1262,0
1263,1000
1274,0
1275,1000
1276,0
1277,1000
1280,0
1281,0
1292,0
1293,0
1298,1000
1299,0
1310,0
1311,0
1314,0
1315,1000
1316,0
1317,0
1322,0
1323,0
1336,1500
1337,0
1340,0
1341,1000
1344,0
1345,0
1346,0
1347,1000
1356,0
1357,0
1362,1000
1363,1000
1368,0
1369,1500
1370,1000
1371,0
1374,0
1375,0
1376,1000
1377,1000
1380,0
1381,0
1388,0
1389,0
1390,0
1391,1500
1398,0
1399,1500
1400,0
1401,0
1402,0
1403,0
1404,0
1405,0
1412,1000
1413,1500
1418,0
1419,0
1420,0
1421,0
1422,1000
1423,0
1424,0
1425,1000
1428,0
1429,0
1432,0
1433,0
1436,0
1437,0
1442,1000
1443,1500
1444,0
1445,1000
1446,0
1447,0
1450,0
1451,0
1456,0
1457,0
1458,1500
1459,0
1462,0
1463,0
1466,0
1467,0
1468,0
1469,0
1472,0
1473,0
1482,0
1483,1000
1484,1000
1485,1500
1490,0
1491,0
1492,1000
1493,1500
1496,1500
1497,0
1508,1000
1509,1000
1510,2000
1511,2000
1516,0
1517,0
1526,1000
1527,0
1544,1000
1545,0
1546,0
1547,0
1558,2000
1559,0
1560,1000
1561,1500
1566,0
1567,2000
1572,0
1573,0
1574,1000
1575,0
1578,0
1579,1000
1586,0
1587,0
1588,0
1589,0
1596,0
1597,1000
1600,1000
1601,0
1606,1000
1607,0
1608,0
1609,0
1616,0
1617,0
1618,1000
1619,0
1624,0
1625,1500
1636,0
1637,1000
1638,0
1639,0
1644,1000
1645,0
1646,0
1647,0
1658,0
1659,1000
1668,0
1669,1000
1690,0
1691,0
1692,0
1693,0
1700,1000
1701,0
1702,0
1703,0
1704,0
1705,0
1706,0
1707,1000
1708,0
1709,1500
1710,0
1711,0
1718,0
1719,0
1726,1000
1727,1000
1728,0
1729,0
1736,0
1737,1000
1738,0
1739,1000
1740,0
1741,0
1762,0
1763,0
1764,1000
1765,0
1766,1000
1767,1000
1768,1000
1769,1000
1772,0
1773,0
1774,0
1775,0
1776,0
1777,1000
1778,1000
1779,0
1784,0
1785,0
1786,0
1787,1000
1808,0
1809,0
1810,0
1811,0
1814,0
1815,0
1816,0
1817,0
1818,0
1819,1000
1820,2000
1821,1500
1826,1000
1827,0
1830,0
1831,0
1838,0
1839,0
1846,1000
1847,0
1852,0
1853,1000
1854,0
1855,0
1858,0
1859,1000
1860,0
1861,0
1864,0
1865,1500
1882,0
1883,1000
1894,0
1895,0
1896,1500
1897,1000
1898,0
1899,0
1908,1000
1909,1000
1912,0
1913,0
1916,0
1917,1000
1920,1000
1921,0
1922,0
1923,0
1930,0
1931,0
1934,1500
1935,0
1936,0
1937,0
1940,1000
1941,0
1952,0
1953,1500
1958,1500
1959,0
1960,0
1961,0
1962,0
1963,0
1976,0
1977,1000
1978,0
1979,0
1988,1500
1989,0
1992,0
1993,0
2000,0
2001,0
2008,2000
2009,0
2010,1000
2011,1000
2012,1000
2013,1500
2016,0
2017,0
2020,0
2021,0
2022,1000
2023,1000
2028,0
2029,1500
2040,1500
2041,0
2042,0
2043,0
2046,0
2047,1000
2050,0
2051,1000
2054,1000
2055,0
2058,1000
2059,0
2074,0
2075,1000
2080,1000
2081,0
2082,1000
2083,0
2084,0
2085,0
2086,0
2087,1000
2098,2000
2099,1000
2104,0
2105,0
2106,0
2107,1000
2108,2000
2109,0
2114,1000
2115,0
2116,1000
2117,1000
2118,0
2119,1000
2120,0
2121,0
2136,0
2137,1500
2140,1000
2141,0
2146,0
2147,1000
2150,0
2151,1000
2152,0
2153,1000
2154,2000
2155,0
2158,0
2159,0
2160,0
2161,0
2166,1000
2167,2000
2172,0
2173,0
2174,0
2175,0
2176,0
2177,1000
2182,1000
2183,0
2186,1000
2187,0
2188,0
2189,1000
2194,0
2195,0
2200,0
2201,0
2202,1500
2203,0
2204,0
2205,0
2210,1500
2211,0
2212,2000
2213,0
2216,2000
2217,0
2220,0
2221,0
2226,1000
2227,0
2238,1000
2239,1000
2240,1500
2241,0
2242,0
2243,1000
2254,1000
2255,0
2258,0
2259,0
2260,0
2261,2000
2262,0
2263,0
2276,0
2277,0
2282,1500
2283,0
2288,1000
2289,1000
2290,0
2291,1000
2300,0
2301,0
2312,0
2313,2000
2324,1000
2325,1500
2326,0
2327,0
2328,0
2329,1000
2330,0
2331,0
2336,0
2337,0
2338,1000
2339,0
2342,0
2343,0
2344,0
2345,1000
2346,1000
2347,0
2352,0
2353,0
2360,1000
2361,1000
2376,0
2377,0
2378,1000
2379,0
2386,0
2387,1500
2394,0
2395,1000
2398,1000
2399,0
2404,0
2405,0
2406,0
2407,0
2412,0
2413,2000
2414,0
2415,1000
2420,0
2421,0
2426,0
2427,0
2436,0
2437,0
2446,0
2447,0
2450,0
2451,0
2470,0
2471,0
2488,0
2489,0
2496,1000
2497,0
2502,1500
2503,1000
2506,0
2507,0
2512,0
2513,1000
2514,0
2515,1000
2526,0
2527,1000
2528,0
2529,0
2534,0
2535,0
2536,1000
2537,0
2544,1000
2545,0
2546,1500
2547,0
2548,1000
2549,1500
2554,0
2555,0
2560,1500
2561,0
2564,1500
2565,0
2566,0
2567,1000
2568,0
2569,0
2574,0
2575,0
2588,0
2589,0
2590,0
2591,0
2592,0
2593,1000
2596,0
2597,0
2600,0
2601,1000
2602,0
2603,0
2608,0
2609,1000
2610,1000
2611,2000
2618,0
2619,0
2620,1000
2621,0
2624,0
2625,1500
2634,0
2635,0
2640,0
2641,0
2642,0
2643,1000
2646,0
2647,0
2650,1000
2651,1000
2652,0
2653,0
2670,0
2671,0
2684,0
2685,1500
2686,0
2687,0
2698,0
2699,0
2702,1500
2703,0
2714,0
2715,1000
2716,1000
2717,1000
2724,0
2725,0
2726,1000
2727,0
2736,0
2737,1000
2744,1000
2745,1000
2750,1500
2751,0
2752,0
2753,0
2754,0
2755,0
2762,0
2763,1500
2768,0
2769,0
2770,0
2771,0
2772,0
2773,1000
2778,0
2779,0
2784,0
2785,0
2786,1000
2787,0
2792,0
2793,0
2794,0
2795,0
2796,0
2797,0
2798,0
2799,1000
2800,0
2801,0
2804,1000
2805,0
2808,0
2809,0
2820,0
2821,0
2822,0
2823,0
2830,0
2831,1500
2840,0
2841,0
2842,1000
2843,0
2844,0
2845,0
2848,0
2849,1500
2850,1000
2851,0
2852,0
2853,1000
2886,0
2887,0
2890,0
2891,0
2892,0
2893,0
2900,1000
2901,0
2918,0
2919,1000
2936,0
2937,0
2940,1000
2941,0
2942,1500
2943,0
2950,0
2951,0
2964,0
2965,1000
2966,1000
2967,0
2986,1500
2987,1500
2988,1500
2989,0
3000,1500
3001,0
3006,2000
3007,1000
3008,1000
3009,0
3022,0
3023,1000
3030,1000
3031,0
3036,1000
3037,1000
3044,1000
3045,0
3050,1000
3051,0
3052,0
3053,0
3054,0
3055,1500
3058,0
3059,0
3060,0
3061,0
3064,0
3065,0
3066,1000
3067,0
3068,1000
3069,0
3072,0
3073,1000
3074,0
3075,0
3082,0
3083,1000
3088,2000
3089,0
3098,0
3099,0
3102,1500
3103,0
3106,0
3107,0
3108,0
3109,0
3128,0
3129,0
3134,1000
3135,0
3136,1000
3137,0
3138,0
3139,0
3140,0
3141,0
3142,0
3143,0
3154,0
3155,0
3172,1500
3173,0
3174,1000
3175,0
3176,0
3177,1000
3184,1000
3185,0
3192,0
3193,0
3202,1000
3203,1500
3208,0
3209,0
3234,1000
3235,1500
3242,0
3243,0
3262,1000
3263,0
3268,0
3269,1000
3278,0
3279,0
3280,0
3281,1000
3282,2000
3283,0
3306,1000
3307,1000
3314,1000
3315,2000
3320,0
3321,0
3334,0
3335,0
3336,2000
3337,0
3338,1000
3339,0
3342,0
3343,0
3354,0
3355,0
3356,1000
3357,0
3360,0
3361,0
3366,1500
3367,0
3368,0
3369,1000
3370,0
3371,0
3398,0
3399,0
3414,0
3415,0
3422,0
3423,1000
3428,0
3429,0
3432,0
3433,0
3434,0
3435,2000
3438,1000
3439,0
3452,1000
3453,0
3454,1000
3455,0
3466,1000
3467,0
3476,1000
3477,1000
3478,1500
3479,1000
3480,0
3481,0
3484,0
3485,0
3494,0
3495,0
3498,1000
3499,0
3502,1500
3503,1000
3504,0
3505,0
3508,0
3509,1500
3514,0
3515,0
3526,1000
3527,0
3528,0
3529,1500
3536,1000
3537,1000
3544,0
3545,0
3548,1000
3549,1000
3550,0
3551,1000
3552,0
3553,0
3554,0
3555,0
3558,0
3559,0
3562,1000
3563,1500
3570,0
3571,0
3574,0
3575,1000
3586,1000
3587,0
3592,0
3593,0
3606,0
3607,0
3610,0
3611,1500
3612,2000
3613,0
3616,0
3617,0
3618,1000
3619,1500
3622,1000
3623,1500
3630,1000
3631,0
3634,0
3635,1500
3654,1500
3655,0
3662,0
3663,0
3672,0
3673,0
3676,0
3677,1000
3678,0
3679,1000
3680,0
3681,0
3688,0
3689,0
3720,0
3721,0
3722,1500
3723,0
3730,0
3731,1500
3734,0
3735,1000
3736,0
3737,2000
3740,0
3741,0
3746,1000
3747,0
3748,1500
3749,0
3752,0
3753,1000
3758,0
3759,0
3770,0
3771,0
3788,1000
3789,0
3792,0
3793,0
3794,1000
3795,0
3798,2000
3799,0
3806,0
3807,0
3810,0
3811,1000
3814,1000
3815,0
3820,1500
3821,0
3836,0
3837,0
3842,0
3843,1000
3848,0
3849,0
3854,0
3855,0
3856,1000
3857,1500
3864,1000
3865,0
3866,0
3867,0
3868,0
3869,0
3880,1000
3881,1500
3884,1000
3885,0
3886,1000
3887,0
3888,1000
3889,0
3890,0
3891,0
3894,0
3895,1000
3900,0
3901,0
3906,0
3907,0
3908,1000
3909,0
3924,2000
3925,1000
3926,1000
3927,1000
3928,0
3929,1000
3932,1500
3933,0
3934,0
3935,0
3936,0
3937,0
3938,0
3939,1000
3940,0
3941,1000
3942,0
3943,1000
3952,0
3953,0
3956,1000
3957,0
3966,1500
3967,0
3970,0
3971,0
3974,0
3975,0
3976,1000
3977,0
3994,1000
3995,0
3996,0
3997,0
4000,2000
4001,1000
4006,0
4007,0
4010,0
4011,1000
4012,0
4013,0
4018,0
4019,0
4026,0
4027,0
4038,0
4039,1000
4044,0
4045,0
4048,0
4049,1000
4054,0
4055,1500
4056,0
4057,1500
4058,0
4059,1000
4060,0
4061,0
4062,0
4063,1000
4064,2000
4065,0
4076,0
4077,0
4080,0
4081,0
4086,1000
4087,0
4088,1000
4089,1000
4094,1000
4095,1000
4096,0
4097,1000
4098,0
4099,0
4100,0
4101,0
4102,0
4103,0
4104,1000
4105,1000
4108,1000
4109,0
4110,2000
4111,1000
4114,2000
4115,1000
4118,0
4119,0
4120,0
4121,2000
4124,1000
4125,1500
4128,0
4129,1000
4130,0
4131,0
4134,1500
4135,0
4138,0
4139,0
4146,1000
4147,1000
4148,1000
4149,0
4150,1000
4151,0
4152,1000
4153,1000
4156,1500
4157,0
4158,1000
4159,0
4168,1000
4169,1000
4170,0
4171,1000
4174,1000
4175,1000
4180,0
4181,1000
4184,1000
4185,1000
4200,1000
4201,1000
4204,1000
4205,0
4206,1000
4207,0
4208,1000
4209,0
4212,0
4213,0
4218,1000
4219,1000
4220,1500
4221,0
4222,1000
4223,1000
4224,0
4225,0
4226,0
4227,1500
4228,1000
4229,1500
4234,0
4235,1000
4240,0
4241,0
4252,0
4253,1000
4260,0
4261,0
4270,0
4271,0
4272,0
4273,0
4276,0
4277,0
4278,0
4279,1500
4280,0
4281,1500
4284,1000
4285,1000
4288,1000
4289,0
4296,1000
4297,0
4300,0
4301,0
4302,1500
4303,1000
4304,0
4305,1500
4310,0
4311,0
4312,0
4313,1000
4316,1000
4317,0
4318,0
4319,1500
4328,0
4329,0
4330,0
4331,0
4334,1000
4335,1000
4338,0
4339,0
4340,0
4341,0
4342,1000
4343,1000
4346,0
4347,1000
4352,0
4353,0
4358,1000
4359,1000
4360,0
4361,0
4368,0
4369,2000
4378,0
4379,0
4384,0
4385,0
4392,0
4393,0
4406,2000
4407,0
4412,1000
4413,2000
4414,0
4415,0
4430,1500
4431,1000
4438,0
4439,1000
4440,0
4441,0
4444,1500
4445,0
4446,1000
4447,0
4450,1500
4451,0
4466,0
4467,0
4468,0
4469,1000
4470,1500
4471,1000
4474,0
4475,0
4486,0
4487,0
4490,0
4491,1000
4492,0
4493,0
4508,0
4509,0
4518,0
4519,0
4520,1000
4521,0
4522,0
4523,0
4526,1000
4527,1000
4534,0
4535,0
4554,0
4555,1000
4562,0
4563,0
4574,0
4575,1000
4580,2000
4581,0
4582,0
4583,0
4588,0
4589,0
4598,0
4599,0
4600,1000
4601,0
4624,0
4625,0
4630,0
4631,0
4632,0
4633,0
4638,0
4639,0
4640,1000
4641,0
4642,1000
4643,1500
4650,0
4651,1500
4652,0
4653,0
4660,0
4661,0
4672,0
4673,0
4684,0
4685,0
4686,0
4687,1500
4706,1500
4707,0
4716,1000
4717,0
4720,1000
4721,0
4722,0
4723,0
4726,0
4727,0
4728,0
4729,1000
4736,1000
4737,0
4738,0
4739,1000
4740,0
4741,0
4744,0
4745,0
4754,0
4755,0
4756,0
4757,1500
4762,1000
4763,1000
4768,0
4769,1000
4772,0
4773,1000
4782,0
4783,0
4786,1000
4787,0
4790,0
4791,1000
4806,0
4807,0
4810,1000
4811,0
4816,0
4817,0
4820,1000
4821,0
4824,0
4825,0
4832,0
4833,1500
4834,0
4835,1500
4842,1000
4843,0
4852,0
4853,0
4854,1000
4855,0
4856,0
4857,1000
4870,0
4871,0
4874,0
4875,0
4884,0
4885,0
4886,0
4887,0
4890,0
4891,0
4896,1000
4897,0
4902,0
4903,0
4904,1000
4905,0
4906,0
4907,0
4914,1000
4915,0
4920,0
4921,0
4930,1000
4931,1000
4932,0
4933,1000
4950,1000
4951,0
4952,0
4953,0
4962,0
4963,0
4964,0
4965,1000
4974,1000
4975,2000
4980,0
4981,0
4982,1000
4983,0
4986,0
4987,1000
4992,0
4993,0
4994,1000
4995,0
5018,0
5019,1000
5036,0
5037,1000
5042,0
5043,0
5046,1500
5047,0
5050,1000
5051,0
5052,0
5053,0
5054,0
5055,0
5058,0
5059,1000
5060,0
5061,0
5062,0
5063,0
5070,0
5071,1000
5074,1000
5075,2000
5084,0
5085,0
5088,0
5089,0
5092,0
5093,0
5106,1500
5107,1000
5110,0
5111,0
5112,1500
5113,1000
5124,0
5125,0
5126,0
5127,0
5130,0
5131,0
5138,1000
5139,0
5146,1000
5147,0
5152,0
5153,0
5154,0
5155,0
5156,0
5157,1500
5158,0
5159,0
5160,0
5161,0
5162,1000
5163,1000
5166,0
5167,0
5174,0
5175,0
5176,0
5177,0
5178,1000
5179,0
5180,0
5181,0
5188,0
5189,0
5200,0
5201,0
5206,0
5207,0
5216,0
5217,0
5230,1000
5231,0
5236,1500
5237,0
5266,0
5267,1000
5278,0
5279,0
5284,0
5285,1000
5286,1000
5287,1000
5294,0
5295,0
5296,0
5297,0
5298,1000
5299,0
5302,0
5303,1000
5306,2000
5307,0
5310,0
5311,0
5324,1000
5325,0
5328,0
5329,0
5336,1500
5337,0
5340,0
5341,1000
5348,0
5349,0
5350,1500
5351,0
5360,1000
5361,0
5364,0
5365,0
5366,0
5367,2000
5370,1000
5371,0
5378,0
5379,0
5380,0
5381,0
5392,0
5393,0
5396,1000
5397,0
5400,0
5401,0
5402,0
5403,0
5406,0
5407,0
5410,0
5411,0
5412,0
5413,1000
5426,0
5427,0
5442,1000
5443,1000
5448,1000
5449,1500
5450,0
5451,0
5454,1000
5455,0
5458,0
5459,0
5464,0
5465,0
5466,1000
5467,0
5476,0
5477,0
5480,0
5481,0
5484,0
5485,1000
5496,0
5497,0
5504,0
5505,0
5506,0
5507,0
5512,0
5513,0
5516,0
5517,0
5522,1500
5523,1000
5524,0
5525,0
5526,0
5527,0
5530,1000
5531,0
5534,0
5535,0
5538,0
5539,0
5540,1500
5541,0
5542,0
5543,0
5546,0
5547,1500
5556,1000
5557,1000
5560,0
5561,1500
5562,0
5563,0
5568,0
5569,0
5572,0
5573,0
5586,1000
5587,0
5592,0
5593,0
5596,0
5597,0
5602,0
5603,0
5612,0
5613,0
5614,0
5615,0
5622,0
5623,0
5624,0
5625,0
5626,1000
5627,1000
5630,0
5631,1000
5636,1000
5637,0
5638,0
5639,0
5640,1500
5641,1500
5642,1000
5643,0
5656,0
5657,0
5660,0
5661,1000
5668,1000
5669,0
5674,1000
5675,1000
5678,1000
5679,1000
5684,0
5685,0
5688,0
5689,1000
5694,0
5695,0
5698,0
5699,0
5716,0
5717,0
5736,1000
5737,0
5738,0
5739,1000
5740,0
5741,0
5742,1000
5743,0
5748,2000
5749,0
5768,1000
5769,0
5788,1000
5789,1500
5798,0
5799,0
5802,1000
5803,1000
5804,0
5805,0
5806,2000
5807,1000
5810,0
5811,1000
5820,0
5821,0
5828,0
5829,0
5836,1000
5837,1000
5852,0
5853,1500
5854,1000
5855,0
5856,0
5857,0
5860,1500
5861,0
5868,1000
5869,0
5880,0
5881,0
5888,0
5889,1500
5890,1000
5891,0
5894,1000
5895,1000
5906,0
5907,0
5910,0
5911,0
5916,1500
5917,0
5928,1000
5929,0
5930,1000
5931,1500
5948,0
5949,0
5950,1000
5951,0
5960,0
5961,1000
5962,0
5963,1000
5970,1000
5971,0
5980,0
5981,1000
5986,1500
5987,0
5988,0
5989,0
5998,0
5999,0
6000,0
6001,0
6014,0
6015,2000
6018,1000
6019,1000
6026,0
6027,0
6030,0
6031,0
6034,0
6035,1000
6048,0
6049,1000
6050,0
6051,0
6052,0
6053,1000
6056,0
6057,0
6058,0
6059,1000
6060,0
6061,1500
6062,1000
6063,0
6084,0
6085,0
6088,1000
6089,0
6092,0
6093,0
6094,0
6095,0
6096,1000
6097,0
6108,0
6109,1000
6110,0
6111,1000
6114,0
6115,0
6118,0
6119,1000
6122,0
6123,0
6130,0
6131,0
6140,0
6141,0
6152,1000
6153,0
6158,0
6159,0
6162,1500
6163,0
6164,0
6165,0
6166,0
6167,0
6174,0
6175,0
6186,0
6187,1000
6188,0
6189,1000
6194,0
6195,1000
6208,0
6209,0
6216,0
6217,1000
6222,0
6223,0
6226,0
6227,0
6228,0
6229,2000
6238,1000
6239,2000
6240,0
6241,0
6246,0
6247,0
6256,0
6257,0
6258,0
6259,1000
6264,1000
6265,0
6270,1000
6271,0
6272,0
6273,1000
6274,0
6275,0
6280,1500
6281,0
6284,1000
6285,0
6286,0
6287,1000
6294,0
6295,0
6298,0
6299,0
6300,0
6301,1000
6308,1000
6309,0
6310,1000
6311,1000
6314,0
6315,1500
6318,0
6319,0
6324,0
6325,0
6326,1000
6327,0
6328,0
6329,1000
6330,1000
6331,0
6334,1000
6335,1000
6336,0
6337,1000
6340,1000
6341,0
6350,1000
6351,1000
6354,1000
6355,0
6364,1500
6365,1000
6378,1000
6379,0
6380,0
6381,1000
6384,0
6385,1000
6388,0
6389,0
6398,1000
6399,1000
6402,1000
6403,0
6404,1000
6405,0
6414,0
6415,0
6416,0
6417,0
6418,1000
6419,0
6422,0
6423,0
6432,0
6433,1500
6434,1000
6435,0
6436,1000
6437,0
6448,0
6449,0
6452,0
6453,0
6470,1000
6471,1500
6490,1500
6491,1000
6494,0
6495,1500
6498,2000
6499,0
6500,0
6501,0
6502,0
6503,1000
6514,1000
6515,1000
6516,0
6517,1500
6522,0
6523,0
6528,0
6529,0
6530,2000
6531,0
6536,1000
6537,0
6538,0
6539,0
6542,1000
6543,0
6548,1000
6549,1000
6556,0
6557,0
6558,0
6559,0
6560,1000
6561,0
6568,0
6569,0
6570,1500
6571,0
6576,0
6577,1000
6580,1000
6581,1000
6582,0
6583,0
6586,1000
6587,0
6602,0
6603,0
6606,1000
6607,0
6608,1000
6609,0
6612,0
6613,0
6616,1000
6617,0
6618,0
6619,0
6622,1000
6623,0
6632,0
6633,1500
6634,2000
6635,1000
6638,1000
6639,0
6640,1000
6641,0
6644,0
6645,0
6658,0
6659,1500
6664,0
6665,0
6674,0
6675,1000
6676,0
6677,1000
6684,0
6685,0
6688,0
6689,1000
6690,0
6691,0
6692,1000
6693,1000
6698,1000
6699,1000
6700,0
6701,0
6704,0
6705,0
6706,0
6707,0
6712,0
6713,0
6724,0
6725,0
6726,0
6727,1000
6732,1500
6733,0
6734,0
6735,1000
6742,1000
6743,1000
6744,0
6745,1500
6746,1500
6747,0
6752,0
6753,1000
6758,0
6759,1000
6766,2000
6767,0
6776,0
6777,0
6780,0
6781,0
6782,0
6783,0
6794,0
6795,1000
6796,0
6797,1000
6810,0
6811,0
6812,0
6813,1000
6814,0
6815,0
6818,0
6819,1000
6842,1000
6843,0
6848,0
6849,0
6850,0
6851,0
6852,2000
6853,1000
6854,0
6855,1500
6860,0
6861,0
6864,1000
6865,0
6866,0
6867,1000
6868,1000
6869,1000
6870,0
6871,0
6878,0
6879,0
6888,0
6889,0
6908,1000
6909,0
6910,0
6911,0
6912,1000
6913,0
6914,0
6915,0
6918,0
6919,1000
6934,0
6935,0
6936,0
6937,0
6938,0
6939,1000
6940,1000
6941,0
6946,1000
6947,0
6948,1500
6949,0
6952,1000
6953,1000
6954,0
6955,0
6958,0
6959,0
6962,0
6963,0
6968,0
6969,2000
6976,0
6977,0
6986,0
6987,0
7000,0
7001,0
7002,0
7003,0
7006,0
7007,0
7012,1000
7013,0
7018,1000
7019,1000
7024,0
7025,0
7030,0
7031,1000
7036,0
7037,1000
7048,0
7049,1500
7050,0
7051,0
7052,1000
7053,0
7054,0
7055,0
7058,1000
7059,0
7064,0
7065,0
7074,0
7075,0
7076,0
7077,0
7090,0
7091,1000
7092,0
7093,0
7104,0
7105,0
7110,1000
7111,0
7112,0
7113,0
7118,0
7119,0
7120,1000
7121,1000
7130,1000
7131,0
7132,0
7133,1000
7138,1000
7139,0
7140,1500
7141,0
7146,0
7147,1500
7148,0
7149,1000
7150,1500
7151,0
7172,2000
7173,2000
7174,0
7175,0
7188,0
7189,0
7194,1000
7195,0
7196,1500
7197,0
7200,0
7201,0
7206,0
7207,0
7210,0
7211,1000
7212,0
7213,0
7214,0
7215,0
7224,0
7225,0
7226,1000
7227,0
7238,0
7239,0
7246,1000
7247,0
7248,0
7249,0
7276,0
7277,1000
7284,0
7285,0
7286,0
7287,0
7290,1000
7291,1000
7302,0
7303,1000
7304,0
7305,1000
7306,0
7307,0
7308,1000
7309,1500
7316,1000
7317,0
7320,0
7321,0
7322,0
7323,0
7328,1000
7329,0
7330,0
7331,0
7344,0
7345,0
7352,1000
7353,1000
7358,0
7359,0
7362,0
7363,1000
7364,0
7365,0
7366,0
7367,0
7368,0
7369,1000
7374,0
7375,0
7380,0
7381,1000
7394,1000
7395,0
7398,0
7399,0
7400,0
7401,0
7404,0
7405,2000
7408,0
7409,1000
7414,0
7415,0
7424,0
7425,1000
7436,0
7437,0
7438,1500
7439,0
7444,0
7445,0
7448,0
7449,0
7454,0
7455,1000
7456,1000
7457,0
7462,1500
7463,0
7464,0
7465,0
7472,0
7473,1500
7482,0
7483,0
7494,0
7495,0
7496,1000
7497,1000
7498,1000
7499,1000
7506,0
7507,0
7508,0
7509,0
7510,0
7511,0
7512,1000
7513,0
7514,0
7515,0
7526,1000
7527,1000
7530,0
7531,0
7538,1500
7539,1000
7542,1000
7543,0
7546,0
7547,0
7554,0
7555,0
7558,0
7559,1000
7560,0
7561,0
7562,1000
7563,0
7564,0
7565,1500
7580,1000
7581,0
7582,1000
7583,0
7584,1000
7585,1000
7596,0
7597,0
7598,1000
7599,0
7600,0
7601,0
7602,0
7603,1000
7604,0
7605,1500
7608,0
7609,1000
7614,1000
7615,0
7622,1000
7623,0
7626,0
7627,0
7628,0
7629,1000
7638,0
7639,1000
7652,0
7653,0
7654,1000
7655,0
7662,0
7663,0
7668,0
7669,0
7682,1000
7683,0
7684,0
7685,0
7692,0
7693,1000
7696,0
7697,0
7698,0
7699,0
7704,0
7705,1000
7710,0
7711,0
7716,1000
7717,0
7720,1000
7721,0
7726,0
7727,1500
7744,1000
7745,1000
7752,0
7753,0
7758,0
7759,1000
7760,1000
7761,0
7768,1000
7769,1000
7774,0
7775,0
7780,0
7781,1000
7782,0
7783,0
7784,0
7785,0
7786,1500
7787,0
7790,1000
7791,0
7792,0
7793,0
7798,1000
7799,0
7806,0
7807,1000
7810,1500
7811,1000
7814,0
7815,1000
7816,1000
7817,0
7818,0
7819,0
7820,0
7821,0
7836,0
7837,0
7850,1000
7851,0
7858,0
7859,0
7860,1000
7861,0
7866,0
7867,0
7868,1000
7869,1000
7876,1500
7877,0
7878,0
7879,0
7884,1000
7885,1500
7890,0
7891,1000
7894,0
7895,0
7902,0
7903,1000
7904,0
7905,1000
7916,0
7917,0
7924,0
7925,0
7926,1500
7927,2000
7928,0
7929,0
7936,0
7937,0
7952,0
7953,0
7966,0
7967,0
7970,0
7971,0
7988,1000
7989,1500
7992,0
7993,0
7996,0
7997,1000
8012,1000
8013,1000
8034,0
8035,1000
8042,1000
8043,0
8044,1500
8045,0
8046,0
8047,1000
8068,1000
8069,0
8072,0
8073,0
8074,0
8075,0
8076,0
8077,0
8078,1000
8079,0
8096,0
8097,0
8112,0
8113,1000
8116,0
8117,0
8126,1000
8127,1000
8132,1500
8133,0
8134,1500
8135,0
8140,0
8141,1000
8144,0
8145,1000
8148,0
8149,0
8150,0
8151,1000
8152,1000
8153,2000
8164,0
8165,1000
8168,0
8169,0
8170,0
8171,0
8186,1000
8187,0
8188,1000
8189,0
8192,0
8193,0
8194,1500
8195,0
8198,0
8199,1500
8202,0
8203,1000
8210,1000
8211,0
8212,0
8213,0
8216,1000
8217,1000
8220,1000
8221,0
8224,1000
8225,1000
8226,1000
8227,0
8228,1000
8229,0
8230,0
8231,1000
8234,0
8235,1000
8236,0
8237,0
8244,1000
8245,1000
8258,0
8259,0
8260,1000
8261,0
8264,0
8265,0
8280,0
8281,1000
8292,0
8293,0
8298,0
8299,0
8302,0
8303,0
8304,1000
8305,0
8306,1000
8307,0
8312,0
8313,0
8318,1000
8319,0
8320,0
8321,0
8324,0
8325,0
8334,0
8335,0
8336,0
8337,0
8338,0
8339,1000
8348,0
8349,2000
8350,1000
8351,0
8356,0
8357,1000
8360,1000
8361,0
8362,0
8363,0
8370,0
8371,0
8372,0
8373,0
8374,0
8375,0
8376,0
8377,0
8380,0
8381,0
8382,0
8383,1500
8388,0
8389,0
8390,1000
8391,0
8410,0
8411,0
8416,0
8417,0
8420,1000
8421,0
8430,0
8431,1500
8438,0
8439,1000
8440,1000
8441,0
8442,0
8443,1000
8446,0
8447,1500
8474,1000
8475,1000
8476,1500
8477,1000
8490,0
8491,1000
8494,0
8495,0
8504,0
8505,0
8512,1000
8513,0
8516,0
8517,0
8518,0
8519,0
8530,0
8531,0
8540,0
8541,0
8544,1000
8545,0
8546,0
8547,0
8552,0
8553,1000
8556,0
8557,1000
8562,0
8563,2000
8568,1000
8569,1500
8576,1000
8577,0
8578,0
8579,0
8584,0
8585,0
8588,0
8589,1000
8590,0
8591,0
8606,0
8607,0
8608,0
8609,1000
8610,0
8611,0
8612,2000
8613,0
8616,1000
8617,0
8618,1000
8619,0
8628,1500
8629,0
8634,0
8635,0
8656,0
8657,0
8666,0
8667,1000
8668,0
8669,0
8672,1500
8673,0
8674,0
8675,0
8680,0
8681,0
8694,0
8695,0
8700,0
8701,2000
8710,0
8711,1000
8718,1000
8719,0
8720,0
8721,0
8724,1000
8725,0
8732,0
8733,0
8734,0
8735,0
8752,0
8753,1000
8758,0
8759,0
8762,0
8763,0
8764,0
8765,0
8768,0
8769,0
8780,1000
8781,0
8784,0
8785,0
8788,1500
8789,0
8792,0
8793,1000
8802,1000
8803,1000
8808,0
8809,0
8814,0
8815,0
8816,0
8817,0
8818,0
8819,0
8820,0
8821,0
8822,0
8823,2000
8826,0
8827,0
8832,1000
8833,2000
8834,0
8835,0
8846,0
8847,0
8860,1000
8861,0
8864,0
8865,1500
8868,1000
8869,1000
8870,1500
8871,0
8872,0
8873,0
8874,0
8875,1000
8880,0
8881,0
8882,0
8883,0
8886,0
8887,0
8890,1000
8891,0
8898,1000
8899,0
8906,0
8907,1000
8928,0
8929,0
8930,0
8931,1000
8946,0
8947,1000
8948,0
8949,0
8952,1000
8953,0
8960,0
8961,0
8972,1000
8973,0
8974,0
8975,0
8976,0
8977,1500
8980,0
8981,0
8988,0
8989,0
8992,0
8993,1000
8994,0
8995,1000
8996,0
8997,0
8998,0
8999,0
9000,1000
9001,0
9004,0
9005,1000
9010,0
9011,0
9012,0
9013,1000
9016,0
9017,0
9028,0
9029,0
9032,0
9033,0
9034,2000
9035,0
9038,0
9039,0
9044,0
9045,0
9048,1000
9049,1500
9050,0
9051,0
9062,0
9063,0
9064,0
9065,0
9068,0
9069,0
9072,0
9073,0
9074,0
9075,0
9082,0
9083,1500
9098,1500
9099,0
9102,0
9103,0
9114,0
9115,0
9116,1000
9117,1000
9118,1000
9119,0
9120,1000
9121,0
9122,0
9123,1500
9126,0
9127,0
9134,2000
9135,2000
9142,0
9143,0
9150,0
9151,0
9158,2000
9159,1000
9174,0
9175,0
9178,0
9179,1500
9184,0
9185,0
9186,0
9187,0
9188,1000
9189,0
9196,0
9197,1000
9198,1000
9199,1500
9200,0
9201,0
9206,0
9207,0
9214,0
9215,0
9220,0
9221,1000
9230,0
9231,0
9234,0
9235,1500
9238,0
9239,0
9250,0
9251,0
9252,1000
9253,0
9274,2000
9275,0
9280,0
9281,0
9290,0
9291,0
9298,1000
9299,0
9304,0
9305,0
9314,1500
9315,0
9316,1000
9317,0
9320,1500
9321,0
9322,0
9323,1500
9326,0
9327,1000
9328,0
9329,0
9332,0
9333,0
9338,1000
9339,1500
9348,1000
9349,0
9350,0
9351,0
9352,0
9353,0
9362,0
9363,0
9368,1000
9369,1000
9376,1000
9377,0
9378,0
9379,1000
9386,0
9387,0
9388,0
9389,1000
9396,0
9397,0
9398,1500
9399,0
9410,1000
9411,0
9418,0
9419,0
9426,1000
9427,1500
9428,0
9429,0
9436,1000
9437,0
9444,0
9445,0
9450,0
9451,0
9464,1000
9465,0
9468,0
9469,0
9474,0
9475,0
9486,1000
9487,0
9498,0
9499,2000
9502,0
9503,0
9506,1000
9507,0
9508,1000
9509,0
9520,0
9521,0
9526,0
9527,0
9528,0
9529,0
9532,0
9533,1500
9538,0
9539,0
9542,0
9543,0
9552,0
9553,0
9556,0
9557,2000
9574,1000
9575,0
9584,1000
9585,0
9586,1500
9587,0
9588,0
9589,0
9590,1000
9591,0
9592,1500
9593,0
9604,1500
9605,0
9622,0
9623,0
9624,0
9625,1000
9638,1000
9639,0
9642,1000
9643,1000
9644,0
9645,0
9668,0
9669,0
9674,0
9675,1000
9680,0
9681,0
9686,0
9687,0
9692,0
9693,0
9698,0
9699,1000
9710,0
9711,1000
9712,1500
9713,0
9714,0
9715,1000
9720,1000
9721,0
9736,0
9737,0
9742,1000
9743,0
9746,0
9747,1000
9762,0
9763,2000
9766,1500
9767,1000
9770,0
9771,0
9776,1000
9777,0
9778,0
9779,0
9780,0
9781,0
9784,1500
9785,0
9786,0
9787,0
9794,1000
9795,0
9804,0
9805,0
9806,0
9807,0
9820,1500
9821,0
9822,1500
9823,0
9830,0
9831,0
9838,1000
9839,1000
9844,1500
9845,0
9848,1000
9849,1000
9862,0
9863,1000
9870,0
9871,0
9872,1000
9873,0
9874,0
9875,0
9878,0
9879,0
9880,0
9881,0
9884,1500
9885,1000
9886,0
9887,0
9888,1000
9889,0
9890,0
9891,0
9894,0
9895,0
9899,0
9901,1500
9910,1000
9911,1000
9912,0
9913,1500
9916,1000
9917,0
9918,1000
9919,0
9926,0
9927,0
9928,1000
9929,0
9932,0
9933,0
9934,0
9935,0
9936,0
9937,1000
9938,1000
9939,0
9940,0
9941,1000
9942,0
9943,0
9944,0
9945,0
9952,0
9953,0
9958,0
9959,1000
9966,0
9967,0
9968,0
9969,0
9976,0
9977,0
9982,0
9983,1000
9984,0
9985,0
9990,0
9991,0
9992,0
9993,1000
9994,0
9995,2000
10000,0
10001,0
10002,0
10003,0
10010,0
10011,0
10020,0
10021,1000
10032,1000
10033,0
10040,1000
10041,0
10044,1000
10045,0
10052,0
10053,1000
10072,0
10073,1500
10074,0
10075,0
10078,2000
10079,0
10082,1500
10083,0
10088,0
10089,0
10096,0
10097,0
10098,0
10099,0
10104,0
10105,0
10108,0
10109,1500
10110,0
10111,0
10114,0
10115,0
10118,0
10119,0
10120,0
10121,0
10122,0
10123,1000
10132,1500
10133,0
10138,1500
10139,1000
10140,0
10141,1000
10148,1000
10149,0
10156,0
10157,0
10158,0
10159,0
10162,2000
10163,0
10164,1000
10165,1500
10168,1000
10169,0
10178,0
10179,0
10180,0
10181,0
10186,0
10187,0
10188,0
10189,1000
10194,0
10195,1000
10196,1000
10197,1000
10198,1000
10199,0
10208,0
10209,0
10210,1500
10211,1000
10218,1000
10219,0
10226,0
10227,0
10236,1500
10237,1000
10240,0
10241,0
10242,0
10243,0
10246,0
10247,1000
10248,0
10249,0
10252,0
10253,0
10256,1000
10257,0
10260,0
10261,0
10262,0
10263,0
10272,0
10273,0
10274,0
10275,1000
10288,0
10289,0
10290,0
10291,1000
10294,0
10295,1000
10296,0
10297,0
10304,0
10305,1000
10332,1000
10333,0
10334,2000
10335,0
10340,0
10341,1000
10344,1000
10345,0
10346,0
10347,1500
10350,0
10351,1500
10352,0
10353,0
10358,1500
10359,0
10366,1500
10367,0
10376,0
10377,0
10378,2000
10379,0
10380,0
10381,0
10384,0
10385,0
10388,0
10389,2000
10390,1000
10391,0
10392,0
10393,0
10394,2000
10395,2000
10404,0
10405,1500
10406,1000
10407,0
10408,0
10409,0
10410,1000
10411,0
10416,0
10417,2000
10424,0
10425,0
10426,0
10427,0
10438,0
10439,1000
10458,1000
10459,0
10464,0
10465,1000
10470,0
10471,0
10482,0
10483,1000
10486,1000
10487,1000
10498,1000
10499,0
10506,1000
10507,0
10508,0
10509,0
10518,0
10519,0
10534,2000
10535,1000
10552,0
10553,1000
10554,0
10555,0
10556,0
10557,0
10566,0
10567,0
10568,0
10569,0
10570,1000
10571,0
10572,1500
10573,0
10578,0
10579,0
10580,0
10581,0
10582,0
10583,0
10584,0
10585,0
10588,0
10589,0
10590,2000
10591,0
10608,0
10609,0
10632,1500
10633,0
10634,0
10635,0
10652,0
10653,0
10654,0
10655,0
10656,1500
10657,1000
10666,1000
10667,0
10668,0
10669,0
10672,2000
10673,0
10674,1500
10675,0
10692,1000
10693,0
10698,1000
10699,2000
10702,0
10703,1000
10704,0
10705,0
10710,0
10711,0
10712,0
10713,0
10724,0
10725,1500
10730,0
10731,1000
10734,0
10735,1000
10738,1000
10739,0
10742,0
10743,0
10746,0
10747,1000
10748,0
10749,0
10752,1500
10753,0
10754,1000
10755,1500
10756,1000
10757,0
10760,0
10761,2000
10766,0
10767,1000
10784,0
10785,0
10788,0
10789,0
10794,0
10795,0
10798,0
10799,1000
10800,0
10801,0
10814,0
10815,0
10836,1000
10837,0
10838,0
10839,0
10846,1000
10847,0
10856,1000
10857,0
10870,0
10871,0
10872,0
10873,0
10876,1000
10877,0
10884,0
10885,0
10900,0
10901,1500
10908,0
10909,0
10912,0
10913,0
10918,1000
10919,0
10920,0
10921,0
10922,1000
10923,0
10930,1000
10931,1000
10932,1500
10933,1000
10934,1000
10935,0
10944,0
10945,0
10946,0
10947,0
10960,0
10961,0
10970,0
10971,0
10974,0
10975,0
10978,0
10979,1500
10980,0
10981,0
10986,1000
10987,1000
10994,0
10995,0
10996,0
10997,0
11002,0
11003,0
11008,2000
11009,0
11012,0
11013,1000
11016,0
11017,0
11018,0
11019,1000
11022,0
11023,1500
11030,0
11031,1000
11044,1000
11045,0
11052,1000
11053,0
11054,0
11055,0
11064,0
11065,0
11066,0
11067,1500
11070,0
11071,0
11074,0
11075,0
11076,0
11077,0
11084,0
11085,0
11086,0
11087,0
11092,0
11093,0
11094,1000
11095,1000
11100,1000
11101,0
11102,0
11103,0
11104,0
11105,0
11118,1000
11119,1000
11122,0
11123,1000
11130,0
11131,0
11134,1000
11135,0
11138,0
11139,0
11162,0
11163,0
11186,1000
11187,1000
11188,0
11189,2000
11196,0
11197,0
11204,0
11205,0
11208,0
11209,1000
11210,0
11211,0
11212,1000
11213,0
11218,0
11219,0
11222,1000
11223,0
11224,1500
11225,0
11226,1000
11227,0
11230,0
11231,0
11232,0
11233,0
11236,1000
11237,1500
11240,0
11241,0
11250,1500
11251,0
11262,1000
11263,0
11266,0
11267,0
11268,0
11269,0
11272,1000
11273,1000
11276,0
11277,0
11298,1000
11299,0
11308,0
11309,0
11314,0
11315,0
11320,0
11321,0
11324,0
11325,0
11328,1500
11329,1000
11330,1500
11331,0
11334,0
11335,1000
11348,1000
11349,0
11356,1500
11357,0
11358,1000
11359,0
11360,0
11361,0
11362,0
11363,0
11366,0
11367,0
11368,2000
11369,0
11382,1000
11383,0
11390,0
11391,0
11394,0
11395,0
11396,1500
11397,0
11402,0
11403,1000
11404,0
11405,0
11414,0
11415,1500
11416,0
11417,2000
11422,0
11423,0
11430,0
11431,0
11432,0
11433,1000
11434,0
11435,0
11436,0
11437,0
11438,1000
11439,0
11440,0
11441,0
11442,0
11443,1000
11452,0
11453,1000
11460,1500
11461,0
11464,0
11465,0
11470,0
11471,0
11472,0
11473,0
11480,0
11481,1500
11486,0
11487,0
11488,0
11489,0
11490,0
11491,0
11494,0
11495,0
11502,2000
11503,0
11510,1000
11511,1000
11516,0
11517,1000
11522,0
11523,0
11528,1000
11529,0
11534,1000
11535,1000
11536,0
11537,0
11542,0
11543,0
11544,0
11545,0
11548,1000
11549,1000
11556,1000
11557,0
11558,0
11559,0
11570,0
11571,0
11586,0
11587,0
11592,0
11593,1000
11594,0
11595,2000
11598,0
11599,0
11602,0
11603,0
11604,0
11605,0
11614,0
11615,0
11624,0
11625,0
11626,1500
11627,0
11630,0
11631,2000
11632,0
11633,1000
11650,0
11651,2000
11652,0
11653,0
11654,0
11655,2000
11656,0
11657,0
11658,1500
11659,1500
11664,0
11665,0
11666,0
11667,0
11670,1500
11671,1000
11674,0
11675,1000
11680,0
11681,0
11688,0
11689,0
11692,0
11693,1000
11704,1500
11705,0
11712,1000
11713,2000
11714,0
11715,1000
11730,0
11731,1000
11732,0
11733,0
11734,1500
11735,0
11738,0
11739,0
11740,0
11741,0
11748,0
11749,1000
11750,0
11751,0
11754,1500
11755,1000
11758,1500
11759,1500
11764,0
11765,1000
11772,0
11773,1000
11774,0
11775,0
11776,0
11777,1000
11790,0
11791,1000
11792,1000
11793,0
11798,0
11799,2000
11806,1500
11807,0
11810,0
11811,0
11814,0
11815,0
11820,0
11821,0
11826,0
11827,2000
11828,0
11829,0
11830,1000
11831,0
11834,0
11835,2000
11844,1000
11845,0
11860,1500
11861,1000
11868,0
11869,1500
11884,0
11885,0
11894,1000
11895,1000
11896,0
11897,0
11902,0
11903,0
11904,0
11905,0
11926,0
11927,0
11934,1000
11935,0
11940,0
11941,1000
11942,0
11943,1500
11946,0
11947,0
11948,0
11949,1000
11950,0
11951,0
11952,1000
11953,0
11960,1500
11961,0
11966,1500
11967,0
11968,1000
11969,1000
11976,0
11977,0
11984,0
11985,0
11986,0
11987,0
11990,0
11991,1000
12002,1000
12003,1000
12004,0
12005,1000
12006,0
12007,0
12008,0
12009,1500
12014,0
12015,0
12016,0
12017,0
12018,0
12019,0
12022,1500
12023,0
12024,0
12025,0
12038,2000
12039,1000
12040,0
12041,0
12042,0
12043,0
12054,0
12055,0
12058,0
12059,0
12074,1500
12075,1000
12078,0
12079,0
12082,1500
12083,0
12086,0
12087,0
12104,1000
12105,0
12112,0
12113,0
12114,0
12115,0
12122,0
12123,1000
12124,0
12125,0
12128,0
12129,0
12130,1500
12131,0
12140,1000
12141,1000
12144,0
12145,0
12146,0
12147,1000
12152,0
12153,1000
12156,0
12157,0
12158,1000
12159,0
12168,0
12169,1000
12176,0
12177,0
12178,0
12179,0
12182,0
12183,0
12192,0
12193,0
12204,0
12205,1000
12214,0
12215,1000
12216,1000
12217,0
12232,0
12233,1000
12236,1000
12237,0
12238,0
12239,0
12240,0
12241,1000
12242,0
12243,1500
12244,1500
12245,0
12246,0
12247,1000
12250,0
12251,1000
12252,1000
12253,0
12256,0
12257,0
12262,1000
12263,1500
12266,0
12267,0
12268,1000
12269,1500
12272,0
12273,1500
12278,0
12279,0
12294,1500
12295,0
12298,0
12299,0
12306,0
12307,0
12310,0
12311,1500
12314,0
12315,0
12324,0
12325,1500
12330,0
12331,0
12332,0
12333,0
12344,0
12345,1500
12360,0
12361,0
12370,1000
12371,0
12374,0
12375,0
12376,0
12377,0
12380,0
12381,0
12382,0
12383,0
12396,0
12397,0
12398,1000
12399,0
12402,0
12403,1500
12408,0
12409,0
12418,0
12419,0
12430,0
12431,1000
12436,0
12437,1500
12438,0
12439,0
12440,0
12441,0
12444,1000
12445,0
12468,0
12469,0
12478,0
12479,0
12492,1000
12493,1000
12494,0
12495,1500
12500,0
12501,0
12508,0
12509,0
12512,1000
12513,0
12518,0
12519,0
12524,1000
12525,0
12530,0
12531,0
12534,0
12535,0
12546,0
12547,0
12548,0
12549,0
12552,0
12553,0
12562,0
12563,0
12574,0
12575,1000
12588,0
12589,0
12592,0
12593,0
12610,0
12611,0
12612,0
12613,0
12618,0
12619,1000
12628,0
12629,1000
12634,0
12635,1000
12636,1000
12637,0
12640,1000
12641,1000
12650,0
12651,0
12652,0
12653,0
12662,1000
12663,1000
12670,0
12671,0
12672,0
12673,0
12684,0
12685,0
12694,0
12695,0
12700,0
12701,0
12706,0
12707,0
12714,2000
12715,0
12718,1000
12719,0
12728,0
12729,0
12730,0
12731,0
12732,1000
12733,1000
12740,0
12741,0
12746,2000
12747,0
12752,0
12753,1000
12766,1000
12767,1000
12772,0
12773,1000
12774,0
12775,1000
12782,0
12783,1500
12792,1000
12793,0
12798,2000
12799,0
12802,0
12803,0
12810,0
12811,1000
12816,0
12817,0
12826,1000
12827,0
12842,0
12843,1500
12852,0
12853,0
12854,0
12855,1500
12858,1500
12859,0
12862,0
12863,0
12864,1000
12865,0
12866,0
12867,0
12868,0
12869,1000
12880,0
12881,1000
12886,0
12887,0
12900,0
12901,0
12904,1000
12905,0
12912,0
12913,1000
12918,0
12919,0
12922,0
12923,0
12924,0
12925,0
12932,1000
12933,1000
12934,1000
12935,0
12950,0
12951,1000
12958,0
12959,0
12976,1000
12977,0
12980,1000
12981,0
12988,0
12989,0
12998,1000
12999,0
13002,1500
13003,0
13014,1000
13015,0
13026,0
13027,0
13030,0
13031,0
13032,1000
13033,1000
13036,0
13037,0
13040,1000
13041,1000
13042,2000
13043,1000
13050,0
13051,1000
13062,0
13063,1000
13086,0
13087,0
13088,1000
13089,0
13092,0
13093,0
13096,0
13097,0
13100,1000
13101,1000
13102,0
13103,0
13106,0
13107,0
13110,0
13111,0
13132,0
13133,0
13134,0
13135,0
13138,0
13139,0
13140,0
13141,0
13144,0
13145,1000
13156,0
13157,0
13160,1000
13161,1500
13162,1500
13163,0
13164,0
13165,0
13168,0
13169,0
13170,0
13171,0
13174,0
13175,0
13176,2000
13177,2000
13182,1500
13183,1000
13190,1000
13191,0
13192,0
13193,0
13194,0
13195,0
13200,0
13201,0
13206,1000
13207,0
13208,0
13209,1500
13218,0
13219,0
13222,1000
13223,0
13224,0
13225,2000
13250,0
13251,0
13254,0
13255,0
13256,1000
13257,0
13282,1000
13283,0
13284,0
13285,1000
13286,0
13287,0
13296,0
13297,0
13298,1000
13299,0
13306,0
13307,2000
13312,0
13313,1000
13318,0
13319,0
13322,1000
13323,0
13334,1500
13335,0
13336,0
13337,1000
13338,0
13339,0
13344,0
13345,2000
13350,1000
13351,1000
13356,0
13357,1000
13360,1000
13361,0
13362,1500
13363,0
13364,0
13365,0
13366,1000
13367,0
13382,2000
13383,0
13388,1000
13389,0
13392,0
13393,0
13402,0
13403,0
13406,0
13407,0
13408,0
13409,0
13418,0
13419,1500
13420,1000
13421,0
13430,0
13431,1000
13440,1000
13441,0
13448,0
13449,1500
13452,1000
13453,1000
13454,0
13455,0
13460,0
13461,0
13478,0
13479,1500
13480,0
13481,0
13490,0
13491,1500
13496,0
13497,0
13514,1000
13515,0
13516,0
13517,1000
13544,0
13545,1000
13546,0
13547,0
13548,1000
13549,0
13552,0
13553,0
13558,0
13559,0
13564,0
13565,0
13566,0
13567,0
13574,1000
13575,0
13578,0
13579,0
13580,1000
13581,0
13582,1000
13583,0
13584,0
13585,1500
13586,1000
13587,2000
13592,0
13593,1500
13600,0
13601,0
13608,0
13609,0
13610,0
13611,1000
13612,1500
13613,0
13616,0
13617,0
13620,0
13621,1000
13622,0
13623,1000
13626,1000
13627,0
13628,0
13629,0
13644,0
13645,1000
13660,0
13661,0
13666,0
13667,1500
13670,0
13671,1500
13676,1000
13677,0
13682,0
13683,0
13684,0
13685,0
13692,0
13693,0
13694,0
13695,1000
13702,1000
13703,0
13704,0
13705,0
13706,0
13707,1000
13708,0
13709,1500
13712,0
13713,0
13716,1000
13717,0
13722,0
13723,0
13732,0
13733,0
13748,1000
13749,0
13750,0
13751,0
13758,0
13759,0
13760,1500
13761,1000
13766,1000
13767,0
13774,0
13775,0
13776,0
13777,1500
13786,1500
13787,0
13788,1000
13789,0
13796,0
13797,0
13810,1000
13811,2000
13818,0
13819,0
13822,0
13823,0
13824,0
13825,0
13826,0
13827,0
13828,1000
13829,1000
13834,0
13835,1000
13836,1000
13837,1000
13844,1000
13845,0
13846,1000
13847,1000
13854,1000
13855,0
13868,0
13869,1500
13872,0
13873,1000
13878,0
13879,0
13890,1000
13891,0
13894,2000
13895,1000
13896,0
13897,0
13898,0
13899,1000
13900,1000
13901,0
13910,2000
13911,0
13920,1500
13921,1000
13924,1000
13925,1000
13928,0
13929,0
13934,0
13935,0
13942,0
13943,0
13948,1000
13949,0
13950,0
13951,1000
13952,1000
13953,1000
13960,0
13961,1000
13966,0
13967,0
13976,1000
13977,0
13982,0
13983,0
13984,1000
13985,1000
13986,1500
13987,0
14006,0
14007,1000
14016,0
14017,0
14024,0
14025,1000
14036,1000
14037,0
14040,0
14041,0
14042,1000
14043,0
14044,0
14045,0
14046,1000
14047,1000
14050,0
14051,0
14060,0
14061,1000
14064,2000
14065,1000
14072,0
14073,0
14074,0
14075,0
14076,1000
14077,0
14084,0
14085,0
14086,0
14087,1500
14088,0
14089,0
14090,1000
14091,1000
14092,0
14093,0
14096,1000
14097,0
14104,0
14105,1000
14120,0
14121,1000
14124,1000
14125,0
14128,1000
14129,0
14134,0
14135,0
14136,0
14137,0
14138,0
14139,1500
14146,1000
14147,1000
14150,0
14151,1000
14152,1000
14153,1000
14154,0
14155,0
14156,0
14157,1500
14158,0
14159,1000
14160,1500
14161,0
14164,0
14165,0
14166,1500
14167,1000
14186,0
14187,2000
14188,0
14189,0
14190,1500
14191,0
14196,0
14197,1000
14198,0
14199,0
14200,0
14201,0
14214,0
14215,1000
14216,0
14217,1000
14220,1500
14221,0
14222,0
14223,1000
14224,1000
14225,0
14230,0
14231,0
14242,1000
14243,0
14246,0
14247,1500
14248,1000
14249,0
14250,0
14251,0
14254,0
14255,0
14258,1000
14259,1000
14260,1000
14261,0
14264,1000
14265,0
14266,0
14267,0
14274,0
14275,0
14280,0
14281,0
14286,0
14287,0
14294,0
14295,0
14302,1000
14303,0
14312,0
14313,0
14316,0
14317,1000
14322,0
14323,0
14328,1000
14329,0
14330,1000
14331,1000
14336,0
14337,0
14344,0
14345,1000
14348,0
14349,1000
14352,0
14353,1000
14354,0
14355,1000
14364,1500
14365,0
14368,0
14369,0
14370,0
14371,0
14374,1000
14375,1000
14392,2000
14393,1000
14396,0
14397,0
14402,0
14403,0
14406,0
14407,1000
14410,0
14411,1000
14412,0
14413,1000
14416,0
14417,1500
14424,0
14425,1000
14426,0
14427,0
14432,0
14433,0
14434,1000
14435,0
14438,0
14439,1000
14450,0
14451,0
14458,1500
14459,0
14472,0
14473,1500
14476,1000
14477,0
14482,1000
14483,0
14484,0
14485,0
14490,0
14491,0
14504,0
14505,0
14514,0
14515,0
14530,0
14531,1000
14544,2000
14545,1000
14546,1000
14547,0
14562,0
14563,0
14568,0
14569,1500
14570,1000
14571,0
14578,1500
14579,0
14580,0
14581,2000
14586,0
14587,2000
14592,0
14593,0
14598,1000
14599,0
14600,0
14601,0
14604,1500
14605,0
14616,0
14617,0
14624,0
14625,1000
14628,1000
14629,0
14636,0
14637,2000
14660,0
14661,0
14668,0
14669,0
14680,0
14681,0
14698,1500
14699,0
14706,1500
14707,1000
14708,1500
14709,0
14718,0
14719,1500
14730,1000
14731,0
14732,0
14733,1500
14738,0
14739,0
14740,0
14741,0
14742,0
14743,0
14746,0
14747,0
14752,1000
14753,0
14754,0
14755,0
14764,0
14765,0
14774,1000
14775,1000
14784,0
14785,0
14786,0
14787,1000
14788,1000
14789,0
14804,0
14805,0
14812,0
14813,1000
14818,0
14819,0
14820,0
14821,0
14838,0
14839,0
14850,0
14851,1000
14856,1000
14857,1500
14858,0
14859,1000
14878,0
14879,0
14880,1000
14881,0
14886,1000
14887,1500
14896,0
14897,1000
14898,0
14899,0
14900,0
14901,1000
14906,0
14907,1000
14910,1000
14911,0
14914,1000
14915,0
14928,0
14929,0
14934,1000
14935,0
14938,0
14939,0
14944,2000
14945,0
14948,0
14949,0
14970,1000
14971,0
14972,0
14973,1000
14978,0
14979,0
14980,0
14981,0
15002,0
15003,0
15024,0
15025,2000
15026,1000
15027,0
15030,0
15031,0
15032,0
15033,1500
15034,1500
15035,0
15046,1000
15047,0
15048,2000
15049,0
15052,0
15053,0
15056,0
15057,0
15070,0
15071,0
15074,0
15075,0
15076,0
15077,1000
15082,0
15083,1000
15084,0
15085,0
15086,0
15087,1000
15096,1000
15097,0
15102,0
15103,0
15106,0
15107,1000
15116,1000
15117,0
15118,0
15119,0
15124,0
15125,0
15126,0
15127,0
15128,0
15129,0
15134,0
15135,1000
15136,0
15137,1500
15140,0
15141,2000
15142,1000
15143,0
15154,0
15155,0
15166,0
15167,1000
15170,0
15171,1000
15176,0
15177,0
15178,0
15179,0
15180,0
15181,1000
15182,0
15183,1000
15188,0
15189,0
15196,0
15197,1000
15238,0
15239,1000
15250,1000
15251,0
15256,1000
15257,0
15262,0
15263,0
15266,0
15267,0
15268,0
15269,0
15270,1500
15271,1000
15282,0
15283,0
15284,0
15285,1000
15302,1000
15303,1500
15304,0
15305,0
15340,0
15341,0
15348,0
15349,1500
15358,0
15359,1000
15362,0
15363,0
15364,1000
15365,0
15366,0
15367,0
15368,0
15369,1500
15370,0
15371,0
15374,0
15375,0
15384,0
15385,0
15390,1000
15391,2000
15402,0
15403,0
15404,1000
15405,1500
15452,1000
15453,1000
15470,1500
15471,0
15472,1000
15473,0
15474,0
15475,1000
15482,0
15483,0
15486,0
15487,0
15490,0
15491,1000
15496,0
15497,0
15500,0
15501,0
15504,0
15505,0
15506,1000
15507,0
15518,0
15519,1000
15520,1500
15521,1000
15524,1000
15525,0
15528,1500
15529,0
15530,0
15531,2000
15542,1000
15543,0
15548,1500
15549,0
15550,1000
15551,1000
15554,0
15555,0
15558,1000
15559,0
15564,0
15565,0
15566,0
15567,1500
15570,0
15571,0
15578,1000
15579,0
15582,0
15583,0
15586,0
15587,0
15592,0
15593,1000
15602,0
15603,1000
15616,0
15617,0
15624,0
15625,0
15636,1000
15637,0
15644,0
15645,0
15650,0
15651,0
15652,0
15653,0
15656,0
15657,1000
15658,0
15659,0
15662,1500
15663,1000
15664,1500
15665,0
15666,0
15667,1000
15668,1500
15669,1000
15670,0
15671,1000
15684,0
15685,0
15688,0
15689,0
15696,0
15697,0
15702,0
15703,0
15714,0
15715,0
15718,1000
15719,0
15730,0
15731,1500
15734,0
15735,0
15738,0
15739,0
15740,1000
15741,0
15748,1000
15749,0
15750,1000
15751,0
15762,0
15763,1000
15764,0
15765,0
15768,1500
15769,0
15776,0
15777,1000
15780,0
15781,0
15782,1000
15783,0
15786,0
15787,0
15792,2000
15793,1000
15796,0
15797,0
15798,1000
15799,0
15800,0
15801,1000
15804,0
15805,0
15806,1500
15807,1000
15810,0
15811,0
15814,0
15815,1000
15816,1000
15817,0
15818,0
15819,0
15824,1000
15825,0
15828,0
15829,1500
15830,2000
15831,0
15834,0
15835,0
15838,0
15839,0
15842,0
15843,0
15844,1000
15845,0
15866,1000
15867,0
15868,1000
15869,0
15870,0
15871,0
15872,0
15873,0
15874,0
15875,0
15876,1000
15877,0
15880,0
15881,1000
15884,0
15885,0
15888,0
15889,0
15896,0
15897,0
15906,1000
15907,0
15908,1000
15909,0
15910,0
15911,0
15918,0
15919,0
15922,0
15923,0
15924,0
15925,1000
15942,0
15943,0
15944,0
15945,2000
15960,0
15961,0
15966,0
15967,0
15972,1000
15973,0
15976,1000
15977,0
15978,0
15979,1500
15982,0
15983,0
15984,1500
15985,0
15986,1000
15987,0
15988,0
15989,1000
15990,1500
15991,0
15992,0
15993,0
15998,1500
15999,1500
16000,0
16001,0
16012,2000
16013,0
16014,0
16015,1000
16016,0
16017,0
16018,0
16019,1500
16026,2000
16027,1000
16028,1500
16029,0
16034,0
16035,1000
16036,1500
16037,0
16046,0
16047,0
16048,1000
16049,0
16050,0
16051,0
16054,2000
16055,0
16076,0
16077,0
16078,0
16079,0
16084,1000
16085,0
16092,0
16093,0
16096,0
16097,1000
16100,0
16101,0
16102,0
16103,1000
16106,0
16107,0
16108,0
16109,0
16112,0
16113,1000
16114,1000
16115,0
16116,0
16117,1500
16118,0
16119,1000
16120,0
16121,0
16122,2000
16123,0
16138,0
16139,1000
16144,0
16145,1000
16146,0
16147,0
16158,0
16159,1000
16160,1500
16161,0
16164,0
16165,1000
16178,0
16179,1000
16180,0
16181,1000
16182,0
16183,1000
16184,0
16185,0
16196,0
16197,0
16210,0
16211,1500
16220,0
16221,1000
16222,0
16223,0
16228,0
16229,0
16232,0
16233,0
16234,0
16235,0
16240,1500
16241,1000
16244,0
16245,0
16264,0
16265,1000
16270,0
16271,0
16288,0
16289,1500
16298,0
16299,0
16306,0
16307,1000
16308,0
16309,1000
16310,0
16311,1000
16312,0
16313,0
16316,1000
16317,1000
16328,0
16329,0
16332,0
16333,1000
16334,0
16335,0
16336,0
16337,1000
16340,1000
16341,1000
16346,0
16347,0
16348,0
16349,0
16356,0
16357,0
16370,1500
16371,0
16374,2000
16375,0
16380,0
16381,0
16386,0
16387,0
16388,0
16389,0
16398,0
16399,0
16400,1000
16401,0
16404,0
16405,1000
16406,0
16407,1000
16412,0
16413,0
16416,0
16417,1500
16426,0
16427,1000
16430,1000
16431,0
16434,0
16435,0
16436,0
16437,1000
16438,0
16439,0
16444,0
16445,1000
16452,1500
16453,1000
16454,1000
16455,1000
16456,1500
16457,0
16458,1000
16459,1000
16460,1000
16461,0
16464,0
16465,1500
16478,0
16479,0
16482,0
16483,0
16486,0
16487,1000
16498,0
16499,1000
16506,0
16507,1000
16510,1000
16511,1000
16514,0
16515,0
16516,0
16517,0
16518,0
16519,0
16520,0
16521,0
16522,0
16523,1000
16524,0
16525,0
16528,0
16529,0
16532,1500
16533,0
16538,0
16539,0
16542,1000
16543,1500
16546,1000
16547,0
16554,0
16555,1000
16562,0
16563,1000
16570,1000
16571,0
16576,1500
16577,0
16578,0
16579,0
16588,1000
16589,1000
16590,0
16591,0
16592,0
16593,1000
16598,0
16599,0
16600,1000
16601,0
16606,0
16607,0
16610,2000
16611,0
16616,0
16617,1000
16622,0
16623,0
16624,0
16625,0
16626,0
16627,0
16632,1500
16633,1000
16638,0
16639,0
16640,0
16641,0
16646,1000
16647,1000
16650,0
16651,0
16654,0
16655,1000
16662,0
16663,0
16670,0
16671,0
16678,0
16679,0
16684,0
16685,0
16690,2000
16691,0
16694,0
16695,0
16696,0
16697,1500
16706,0
16707,0
16716,0
16717,0
16722,1000
16723,1000
16728,0
16729,0
16744,0
16745,0
16752,1000
16753,0
16758,0
16759,0
16760,0
16761,1000
16770,0
16771,0
16776,1000
16777,1000
16786,0
16787,0
16788,1000
16789,1000
16790,0
16791,0
16792,0
16793,0
16794,1000
16795,1500
16798,0
16799,0
16806,0
16807,0
16812,0
16813,1000
16814,1000
16815,0
16820,0
16821,0
16830,0
16831,0
16832,0
16833,2000
16836,0
16837,0
16842,0
16843,0
16854,0
16855,0
16856,0
16857,1000
16868,0
16869,1000
16880,0
16881,1000
16888,0
16889,0
16896,0
16897,0
16900,0
16901,0
16904,0
16905,0
16912,0
16913,1000
16918,0
16919,1000
16930,0
16931,0
16932,0
16933,1000
16934,1500
16935,1000
16936,1000
16937,1000
16938,0
16939,0
16944,0
16945,0
16946,0
16947,0
16950,0
16951,0
16960,1500
16961,1000
16966,0
16967,0
16968,1500
16969,1500
16982,0
16983,1500
16984,0
16985,0
16986,1000
16987,1000
16990,0
16991,0
17002,0
17003,1000
17004,0
17005,0
17014,1000
17015,1000
17016,0
17017,0
17018,0
17019,0
17030,0
17031,0
17032,1000
17033,0
17040,0
17041,2000
17050,0
17051,1000
17052,0
17053,0
17054,0
17055,0
17058,1000
17059,0
17060,1500
17061,0
17068,0
17069,0
17072,1000
17073,0
17074,0
17075,0
17076,1000
17077,0
17078,0
17079,0
17090,0
17091,0
17094,1000
17095,1000
17098,1000
17099,1000
17100,0
17101,1000
17104,0
17105,0
17114,0
17115,1000
17118,0
17119,0
17120,0
17121,0
17126,0
17127,0
17142,1000
17143,0
17152,0
17153,0
17154,0
17155,1000
17160,0
17161,0
17162,1000
17163,0
17166,1000
17167,0
17170,1500
17171,1000
17174,0
17175,1000
17182,0
17183,0
17188,0
17189,0
17200,0
17201,0
17202,1000
17203,1000
17218,0
17219,1000
17224,1000
17225,1000
17230,1000
17231,0
17232,0
17233,0
17242,0
17243,0
17246,0
17247,0
17254,0
17255,0
17256,0
17257,1500
17266,1000
17267,1000
17276,1500
17277,0
17284,0
17285,0
17288,1000
17289,0
17292,1000
17293,0
17296,0
17297,0
17302,0
17303,0
17304,1500
17305,0
17306,2000
17307,0
17310,1000
17311,0
17322,1000
17323,0
17324,0
17325,0
17336,0
17337,0
17342,0
17343,1000
17344,0
17345,0
17346,1000
17347,0
17350,0
17351,0
17356,0
17357,1000
17358,0
17359,0
17362,0
17363,0
17364,1500
17365,0
17368,1500
17369,0
17370,0
17371,0
17372,1000
17373,1500
17374,1000
17375,0
17384,0
17385,0
17386,0
17387,1000
17398,0
17399,0
17400,1000
17401,1000
17406,0
17407,0
17418,0
17419,0
17438,1500
17439,1000
17440,0
17441,0
17454,2000
17455,0
17462,1500
17463,2000
17466,0
17467,0
17476,0
17477,0
17478,0
17479,0
17482,0
17483,0
17490,0
17491,0
17504,1500
17505,1500
17508,0
17509,1500
17514,1500
17515,1500
17516,1000
17517,0
17538,0
17539,0
17558,0
17559,1000
17562,0
17563,0
17564,0
17565,0
17576,1000
17577,1000
17582,0
17583,0
17584,0
17585,1000
17588,0
17589,1500
17596,0
17597,1000
17600,0
17601,0
17610,0
17611,0
17622,0
17623,1000
17624,0
17625,0
17626,0
17627,1000
17628,0
17629,1000
17648,0
17649,0
17654,0
17655,0
17660,2000
17661,0
17662,0
17663,1500
17666,0
17667,1000
17672,0
17673,2000
17674,0
17675,1000
17678,1000
17679,1000
17690,0
17691,0
17698,0
17699,0
17702,0
17703,0
17706,0
17707,0
17708,0
17709,1000
17710,0
17711,0
17718,1000
17719,0
17720,0
17721,0
17722,0
17723,0
17732,1000
17733,2000
17746,0
17747,1500
17748,0
17749,0
17754,1000
17755,2000
17764,0
17765,1000
17770,0
17771,0
17780,0
17781,0
17784,1000
17785,0
17786,1000
17787,1000
17796,0
17797,1000
17802,0
17803,0
17808,1000
17809,0
17818,1000
17819,0
17824,1000
17825,1000
17826,0
17827,0
17832,1500
17833,0
17834,1500
17835,1000
17838,1000
17839,0
17840,0
17841,0
17842,1000
17843,0
17846,0
17847,0
17848,1000
17849,0
17850,1500
17851,0
17856,0
17857,1500
17860,1000
17861,0
17864,0
17865,0
17868,1000
17869,1500
17870,0
17871,0
17872,0
17873,0
17884,0
17885,1000
17888,0
17889,1000
17894,0
17895,0
17898,1500
17899,1000
17904,0
17905,1000
17916,0
17917,1000
17918,1000
17919,0
17920,0
17921,0
17924,0
17925,1000
17928,0
17929,1000
17938,0
17939,0
17944,0
17945,0
17964,0
17965,1000
17976,0
17977,1000
17986,0
17987,1000
17990,0
17991,0
17994,0
17995,0
17996,0
17997,0
18000,0
18001,0
18008,1000
18009,1000
18010,0
18011,1500
18016,0
18017,0
18018,0
18019,0
18020,1500
18021,0
18024,1000
18025,0
18028,0
18029,1000
18036,0
18037,0
18040,2000
18041,0
18048,1500
18049,1500
18052,0
18053,1000
18060,0
18061,0
18066,0
18067,0
18072,0
18073,1000
18074,0
18075,0
18080,1000
18081,0
18084,0
18085,0
18100,1500
18101,0
18104,0
18105,1000
18110,0
18111,0
18122,0
18123,0
18124,0
18125,1500
18134,0
18135,0
18140,0
18141,0
18142,0
18143,1000
18144,1000
18145,1000
18152,0
18153,0
18160,0
18161,1000
18168,0
18169,0
18174,0
18175,1500
18178,1500
18179,0
18180,1000
18181,0
18184,0
18185,0
18190,0
18191,1000
18192,0
18193,1000
18196,0
18197,0
18208,1500
18209,0
18210,0
18211,0
18218,1000
18219,1500
18222,0
18223,0
18226,0
18227,0
18232,1000
18233,1000
18234,0
18235,0
18238,1500
18239,1500
18242,0
18243,0
18246,0
18247,1000
18248,0
18249,2000
18252,0
18253,0
18258,1000
18259,0
18262,0
18263,0
18264,0
18265,0
18270,0
18271,0
18278,0
18279,1000
18294,0
18295,0
18296,0
18297,0
18304,1000
18305,0
18318,0
18319,0
18322,0
18323,1000
18328,1000
18329,0
18338,0
18339,0
18342,0
18343,0
18344,0
18345,0
18346,0
18347,0
18348,0
18349,0
18354,0
18355,0
18362,0
18363,1000
18366,0
18367,0
18370,0
18371,1000
18374,0
18375,1000
18376,1000
18377,0
18382,1000
18383,0
18388,0
18389,0
18390,0
18391,0
18392,1000
18393,0
18396,0
18397,2000
18402,0
18403,0
18408,1000
18409,0
18414,1500
18415,1500
18416,1000
18417,1000
18418,0
18419,0
18422,0
18423,1000
18426,1500
18427,0
18428,0
18429,1000
18434,0
18435,1000
18438,0
18439,1000
18440,0
18441,0
18452,0
18453,0
18454,1000
18455,1000
18482,0
18483,1500
18490,1000
18491,1000
18494,0
18495,1000
18498,0
18499,1000
18520,1000
18521,0
18522,0
18523,1000
18524,0
18525,0
18534,1000
18535,0
18542,1000
18543,0
18544,0
18545,1500
18546,1000
18547,0
18552,0
18553,1500
18554,0
18555,1000
18560,0
18561,0
18562,0
18563,0
18566,0
18567,0
18568,0
18569,0
18576,0
18577,0
18578,0
18579,0
18588,0
18589,0
18592,0
18593,0
18604,1000
18605,1000
18608,0
18609,0
18622,0
18623,1000
18624,0
18625,0
18632,0
18633,0
18640,0
18641,0
18642,0
18643,1500
18644,0
18645,0
18646,0
18647,0
18648,0
18649,1000
18650,0
18651,1000
18658,0
18659,0
18668,0
18669,0
18670,0
18671,0
18674,0
18675,0
18684,0
18685,0
18692,0
18693,0
18698,0
18699,0
18710,0
18711,0
18712,0
18713,0
18734,2000
18735,1000
18740,1000
18741,2000
18766,0
18767,1500
18772,0
18773,0
18778,0
18779,1000
18784,1500
18785,1000
18786,1000
18787,1500
18792,1500
18793,0
18810,1000
18811,0
18812,1000
18813,1000
18822,0
18823,0
18824,0
18825,0
18846,1000
18847,0
18850,1000
18851,1000
18852,1500
18853,0
18854,1000
18855,1000
18862,0
18863,0
18872,0
18873,0
18890,0
18891,0
18908,1000
18909,0
18910,0
18911,1000
18912,0
18913,0
18914,0
18915,0
18918,0
18919,0
18920,1000
18921,0
18922,0
18923,0
18924,0
18925,1500
18926,1000
18927,0
18928,0
18929,1000
18938,1000
18939,1000
18942,0
18943,0
18950,0
18951,2000
18956,0
18957,1000
18964,0
18965,0
18966,0
18967,0
18974,0
18975,0
18984,1000
18985,0
18996,0
18997,0
19000,0
19001,0
19008,0
19009,0
19012,0
19013,0
19018,0
19019,0
19022,0
19023,0
19026,1000
19027,0
19032,1000
19033,1000
19036,0
19037,1000
19038,0
19039,0
19040,1000
19041,2000
19048,1000
19049,1000
19050,0
19051,1000
19052,1000
19053,0
19060,1000
19061,0
19064,0
19065,0
19066,0
19067,1000
19070,0
19071,0
19074,0
19075,0
19076,0
19077,0
19084,0
19085,1000
19100,1000
19101,0
19102,0
19103,1500
19104,1000
19105,0
19108,0
19109,0
19116,1000
19117,1000
19124,1500
19125,1000
19138,0
19139,0
19142,0
19143,0
19154,0
19155,1000
19166,1500
19167,0
19184,0
19185,0
19188,0
19189,0
19192,0
19193,0
19206,0
19207,0
19208,0
19209,1500
19210,0
19211,0
19216,0
19217,1000
19222,0
19223,0
19226,0
19227,0
19244,0
19245,0
19254,0
19255,0
19256,0
19257,1000
19268,0
19269,0
19270,0
19271,0
19278,1500
19279,1500
19280,0
19281,0
19284,0
19285,0
19286,1500
19287,0
19294,0
19295,0
19302,1000
19303,1000
19304,0
19305,1000
19320,0
19321,0
19324,1000
19325,0
19330,0
19331,2000
19332,1000
19333,0
19344,0
19345,0
19350,1500
19351,1000
19352,1500
19353,0
19356,0
19357,0
19358,0
19359,1000
19364,1000
19365,1500
19370,0
19371,0
19378,0
19379,1000
19418,1000
19419,0
19420,0
19421,1500
19422,0
19423,0
19426,0
19427,0
19428,0
19429,0
19436,1500
19437,0
19444,0
19445,1000
19446,2000
19447,1000
19448,0
19449,0
19450,0
19451,1000
19454,1500
19455,0
19458,0
19459,0
19468,0
19469,1500
19470,0
19471,0
19476,0
19477,1000
19480,0
19481,0
19484,0
19485,0
19492,1000
19493,0
19504,1500
19505,1500
19514,1000
19515,1000
19518,1500
19519,1000
19526,1000
19527,0
19528,1000
19529,1000
19536,0
19537,2000
19542,0
19543,0
19554,0
19555,0
19556,0
19557,0
19576,0
19577,1000
19578,0
19579,1500
19580,0
19581,1000
19594,0
19595,0
19604,0
19605,0
19610,2000
19611,1000
19612,0
19613,0
19614,1500
19615,0
19618,0
19619,0
19622,0
19623,0
19634,0
19635,0
19638,0
19639,0
19662,0
19663,1000
19664,0
19665,1000
19666,1000
19667,0
19684,0
19685,0
19686,0
19687,1000
19720,0
19721,0
19726,1000
19727,0
19732,0
19733,0
19734,0
19735,0
19746,1000
19747,0
19754,1000
19755,0
19756,0
19757,1000
19774,0
19775,0
19776,0
19777,0
19782,0
19783,1000
19784,0
19785,0
19792,0
19793,0
19810,0
19811,1000
19814,0
19815,1500
19816,0
19817,0
19820,0
19821,0
19824,1000
19825,0
19826,0
19827,0
19828,0
19829,0
19858,1000
19859,0
19872,0
19873,0
19876,0
19877,1000
19880,0
19881,1000
19882,0
19883,0
19884,0
19885,1500
19890,0
19891,0
19896,1000
19897,0
19900,1000
19901,0
19912,0
19913,0
19920,2000
19921,0
19922,0
19923,1500
19928,1500
19929,1000
19938,0
19939,0
19942,0
19943,0
19956,1000
19957,1000
19958,0
19959,0
19964,0
19965,0
19972,1000
19973,0
19984,0
19985,1500
19996,0
19997,0
19998,0
19999,0
20000,1000
20001,0
20002,1000
20003,0
20004,0
20005,1500
20006,0
20007,0
20012,1000
20013,0
20016,1000
20017,0
20028,0
20029,0
20048,1000
20049,0
20050,1000
20051,0
20052,0
20053,0
20054,0
20055,0
20056,1500
20057,0
20058,1500
20059,0
20066,1000
20067,1500
20070,0
20071,0
20076,1000
20077,0
20090,0
20091,1500
20098,0
20099,0
20106,0
20107,0
20108,0
20109,0
20110,0
20111,1500
20114,0
20115,0
20122,0
20123,0
20142,0
20143,0
20158,0
20159,1000
20160,1500
20161,0
20166,0
20167,1000
20168,0
20169,0
20170,0
20171,0
20188,0
20189,0
20190,1000
20191,1000
20192,0
20193,0
20196,0
20197,0
20202,0
20203,0
20218,0
20219,0
20220,1000
20221,0
20242,1000
20243,1000
20250,1000
20251,0
20254,0
20255,0
20272,1500
20273,0
20276,0
20277,0
20280,0
20281,0
20284,1000
20285,1000
20288,0
20289,0
20294,0
20295,1500
20296,0
20297,0
20302,0
20303,1000
20304,0
20305,0
20306,1000
20307,0
20310,0
20311,0
20318,0
20319,0
20324,0
20325,0
20326,0
20327,0
20331,0
20343,0
20352,2000
20353,0
20358,0
20359,1500
20372,0
20373,2000
20374,0
20375,0
20382,0
20383,0
20398,0
20399,1000
20408,2000
20409,1000
20412,0
20413,0
20420,1000
20421,0
20430,0
20431,0
20436,0
20437,1500
20438,0
20439,0
20446,1000
20447,1000
20448,0
20449,1500
20450,0
20451,0
20452,0
20453,0
20458,0
20459,1500
20460,0
20461,0
20478,0
20479,0
20484,0
20485,2000
20496,0
20497,0
20502,0
20503,1000
20508,1500
20509,0
20510,1000
20511,1000
20512,0
20513,0
20520,0
20521,0
20526,1000
20527,0
20534,1000
20535,1000
20548,1000
20549,0
20556,0
20557,1000
20574,1000
20575,0
20584,1000
20585,1000
20586,0
20587,1000
20598,0
20599,0
20608,0
20609,1000
20610,0
20611,1500
20614,0
20615,1500
20618,2000
20619,0
20620,1000
20621,0
20622,0
20623,0
20628,1000
20629,0
20630,0
20631,1000
20642,0
20643,0
20658,0
20659,0
20660,0
20661,1500
20664,0
20665,0
20682,0
20683,0
20684,1000
20685,1500
20688,0
20689,1000
20690,0
20691,0
20692,1500
20693,0
20694,0
20695,1000
20708,0
20709,1000
20710,0
20711,0
20716,0
20717,0
20718,1000
20719,0
20730,0
20731,0
20732,0
20733,0
20734,0
20735,0
20736,1500
20737,0
20740,0
20741,1500
20742,0
20743,1000
20744,0
20745,1000
20748,0
20749,0
20756,1000
20757,1000
20760,0
20761,0
20768,1000
20769,1000
20774,1000
20775,0
20778,1000
20779,1000
20780,0
20781,0
20786,1000
20787,0
20788,1000
20789,0
20790,1000
20791,0
20792,0
20793,1000
20794,1000
20795,0
20796,1000
20797,0
20806,0
20807,0
20808,0
20809,0
20814,0
20815,1500
20830,2000
20831,0
20834,0
20835,1500
20838,1000
20839,0
20844,1000
20845,1500
20846,0
20847,2000
20852,0
20853,0
20864,0
20865,0
20866,0
20867,1500
20872,0
20873,1000
20874,0
20875,1000
20886,1000
20887,0
20890,1000
20891,1500
20892,0
20893,0
20894,1000
20895,1000
20906,0
20907,0
20914,0
20915,0
20916,1500
20917,0
20918,1000
20919,1000
20920,0
20921,1000
20928,0
20929,1000
20932,0
20933,1000
20958,0
20959,1000
20964,0
20965,1000
20966,0
20967,0
20970,0
20971,0
20974,0
20975,1000
20990,0
20991,0
20994,1000
20995,1000
21000,0
21001,0
21002,0
21003,0
21028,1000
21029,0
21032,0
21033,1000
21034,0
21035,0
21036,0
21037,1500
21038,1500
21039,0
21040,0
21041,0
21052,0
21053,0
21058,0
21059,0
21060,1000
21061,0
21064,1000
21065,0
21072,1000
21073,1000
21078,0
21079,1000
21080,1000
21081,0
21082,0
21083,0
21094,0
21095,1000
21100,0
21101,0
21102,0
21103,0
21110,0
21111,0
21112,0
21113,0
21114,0
21115,1000
21132,2000
21133,0
21138,0
21139,0
21140,1500
21141,0
21142,0
21143,0
21154,0
21155,0
21166,1000
21167,0
21172,0
21173,0
21174,1000
21175,1000
21176,1000
21177,0
21182,0
21183,0
21188,0
21189,2000
21192,0
21193,0
21194,0
21195,0
21196,0
21197,1500
21202,0
21203,1000
21204,0
21205,1500
21214,0
21215,0
21218,0
21219,0
21220,1000
21221,0
21222,0
21223,0
21226,0
21227,1000
21228,0
21229,1500
21232,0
21233,1000
21234,0
21235,1000
21238,0
21239,2000
21240,1000
21241,0
21244,0
21245,0
21250,0
21251,0
21254,1000
21255,1000
21258,0
21259,1000
21260,0
21261,0
21262,0
21263,1000
21264,0
21265,1000
21266,1000
21267,0
21268,1000
21269,1000
21274,0
21275,0
21280,2000
21281,0
21282,1000
21283,0
21294,0
21295,1000
21298,0
21299,0
21304,1000
21305,0
21306,1500
21307,0
21308,2000
21309,1500
21314,2000
21315,1000
21316,1500
21317,1000
21330,0
21331,0
21336,0
21337,0
21340,2000
21341,1500
21344,0
21345,0
21352,1000
21353,1000
21356,0
21357,0
21370,0
21371,1000
21372,0
21373,0
21390,0
21391,0
21396,0
21397,1000
21398,0
21399,0
21406,0
21407,0
21408,0
21409,0
21438,0
21439,0
21448,1000
21449,2000
21450,0
21451,0
21456,0
21457,0
21458,0
21459,1500
21460,0
21461,0
21464,0
21465,0
21466,0
21467,1000
21468,1000
21469,1500
21476,0
21477,0
21478,0
21479,0
21480,0
21481,0
21486,0
21487,0
21494,1500
21495,1000
21496,1000
21497,0
21498,1500
21499,0
21518,0
21519,0
21532,0
21533,1000
21534,0
21535,0
21546,0
21547,0
21560,0
21561,0
21562,1500
21563,0
21564,1500
21565,0
21570,1000
21571,0
21572,2000
21573,1500
21582,0
21583,1000
21584,0
21585,0
21588,1000
21589,0
21590,0
21591,0
21598,1500
21599,0
21602,1000
21603,0
21604,0
21605,0
21608,1000
21609,0
21612,0
21613,0
21614,0
21615,0
21618,0
21619,0
21620,0
21621,1000
21630,0
21631,0
21644,1000
21645,0
21648,0
21649,0
21650,1000
21651,0
21658,1000
21659,0
21664,0
21665,0
21670,0
21671,0
21676,0
21677,0
21686,0
21687,1000
21688,1000
21689,0
21690,0
21691,0
21692,0
21693,0
21696,0
21697,2000
21700,1500
21701,0
21704,0
21705,0
21714,1000
21715,0
21722,1000
21723,0
21724,0
21725,1500
21732,1500
21733,1000
21750,0
21751,0
21768,0
21769,0
21772,0
21773,0
21774,2000
21775,0
21776,0
21777,1000
21782,1000
21783,0
21784,0
21785,1500
21788,0
21789,1000
21792,0
21793,0
21796,0
21797,1500
21800,0
21801,0
21806,1000
21807,0
21808,0
21809,1000
21810,0
21811,0
21816,0
21817,1000
21822,0
21823,0
21840,0
21841,1000
21854,1000
21855,0
21856,1500
21857,1000
21862,0
21863,0
21868,0
21869,0
21874,0
21875,0
21876,0
21877,1000
21878,0
21879,1000
21884,1500
21885,0
21886,0
21887,0
21894,1000
21895,0
21904,0
21905,0
21906,0
21907,1500
21910,0
21911,0
21912,0
21913,0
21914,0
21915,0
21916,0
21917,0
21926,0
21927,0
21934,0
21935,0
21962,0
21963,1000
21964,0
21965,0
21976,1000
21977,1000
21978,0
21979,0
21986,0
21987,1000
21998,0
21999,2000
22006,0
22007,1000
22012,0
22013,0
22020,1000
22021,0
22026,0
22027,1000
22032,1000
22033,0
22034,0
22035,1500
22040,0
22041,1500
22044,0
22045,0
22048,0
22049,0
22056,0
22057,0
22058,0
22059,0
22062,0
22063,0
22076,0
22077,0
22080,0
22081,2000
22082,0
22083,1000
22084,0
22085,0
22090,0
22091,2000
22092,0
22093,1000
22094,0
22095,0
22098,0
22099,1500
22116,1500
22117,0
22122,1000
22123,0
22130,0
22131,0
22154,1500
22155,1000
22164,1000
22165,0
22168,0
22169,0
22172,2000
22173,0
22174,1000
22175,0
22176,1000
22177,1000
22182,0
22183,0
22186,0
22187,2000
22194,0
22195,1000
22202,0
22203,0
22204,0
22205,1000
22218,1000
22219,1000
22220,0
22221,0
22228,0
22229,0
22232,1500
22233,1000
22236,1000
22237,1000
22240,1000
22241,0
22244,0
22245,1000
22272,0
22273,0
22282,1000
22283,1000
22284,0
22285,0
22286,0
22287,0
22288,0
22289,0
22290,0
22291,1500
22292,0
22293,1000
22294,1000
22295,0
22298,0
22299,1000
22302,0
22303,0
22304,0
22305,1000
22306,0
22307,0
22310,0
22311,0
22314,1000
22315,1000
22318,0
22319,0
22320,0
22321,0
22324,0
22325,1000
22328,0
22329,1000
22330,0
22331,1000
22332,0
22333,0
22338,1000
22339,0
22340,0
22341,0
22346,0
22347,1500
22350,1000
22351,0
22358,1500
22359,0
22360,0
22361,0
22364,0
22365,0
22366,1500
22367,0
22378,1000
22379,2000
22386,0
22387,0
22390,0
22391,1500
22394,0
22395,1000
22404,0
22405,0
22410,0
22411,0
22420,0
22421,0
22422,2000
22423,0
22430,0
22431,0
22438,0
22439,0
22446,0
22447,0
22448,0
22449,0
22450,0
22451,0
22456,0
22457,1000
22458,2000
22459,1000
22462,0
22463,0
22470,0
22471,0
22476,1000
22477,1000
22478,0
22479,0
22484,1500
22485,1000
22486,0
22487,0
22490,1000
22491,1000
22492,0
22493,1000
22494,0
22495,0
22496,1000
22497,0
22498,2000
22499,0
22512,0
22513,1000
22518,1000
22519,0
22532,0
22533,0
22534,0
22535,0
22538,0
22539,0
22548,0
22549,0
22550,0
22551,1000
22552,0
22553,1500
22560,1000
22561,0
22566,0
22567,1500
22568,0
22569,0
22574,1000
22575,0
22578,1000
22579,1000
22594,0
22595,0
22596,0
22597,0
22608,1000
22609,0
22612,0
22613,2000
22616,1000
22617,0
22628,0
22629,0
22654,1000
22655,1000
22656,0
22657,1500
22666,0
22667,1000
22672,0
22673,0
22680,0
22681,0
22688,2000
22689,1500
22694,0
22695,0
22706,0
22707,0
22708,0
22709,0
22710,0
22711,2000
22716,1000
22717,1000
22718,1000
22719,0
22724,0
22725,0
22728,0
22729,0
22732,1500
22733,1000
22736,0
22737,0
22744,1000
22745,0
22754,0
22755,0
22758,0
22759,0
22760,0
22761,0
22762,0
22763,0
22766,0
22767,1000
22768,0
22769,1000
22770,0
22771,0
22782,1000
22783,0
22784,0
22785,1000
22786,0
22787,0
22790,1000
22791,1000
22792,1500
22793,1000
22802,1000
22803,2000
22810,0
22811,0
22822,0
22823,0
22824,0
22825,0
22828,0
22829,0
22830,0
22831,1500
22836,1000
22837,0
22840,0
22841,0
22848,0
22849,0
22850,0
22851,1000
22852,0
22853,0
22858,1000
22859,1000
22860,0
22861,0
22862,0
22863,1000
22866,1000
22867,0
22884,0
22885,1500
22886,0
22887,0
22890,0
22891,0
22896,0
22897,0
22900,0
22901,0
22902,0
22903,1000
22904,0
22905,0
22912,0
22913,0
22914,0
22915,0
22922,0
22923,1000
22932,0
22933,0
22936,0
22937,0
22944,1000
22945,0
22948,1000
22949,1500
22958,0
22959,1000
22964,0
22965,0
22966,0
22967,0
22968,1000
22969,0
22972,1000
22973,0
22980,0
22981,0
22988,0
22989,0
22998,0
22999,1000
23004,1000
23005,1000
23006,1000
23007,0
23014,0
23015,0
23038,0
23039,1000
23044,1000
23045,0
23046,1000
23047,0
23056,0
23057,0
23072,0
23073,1000
23090,1000
23091,0
23092,0
23093,0
23110,1500
23111,0
23118,1000
23119,1000
23122,1000
23123,0
23124,0
23125,1000
23134,1000
23135,0
23140,1000
23141,0
23146,0
23147,0
23148,0
23149,1000
23150,0
23151,0
23152,1000
23153,0
23158,0
23159,1000
23168,1000
23169,0
23174,0
23175,0
23188,0
23189,0
23198,0
23199,0
23204,0
23205,0
23206,0
23207,1000
23224,0
23225,2000
23238,0
23239,0
23244,0
23245,1000
23256,0
23257,0
23260,1000
23261,1000
23270,0
23271,1000
23272,0
23273,0
23274,0
23275,0
23278,1000
23279,0
23282,0
23283,0
23286,0
23287,1000
23292,1000
23293,2000
23294,1000
23295,1000
23308,0
23309,1500
23320,0
23321,0
23322,1000
23323,0
23338,1000
23339,0
23346,0
23347,0
23354,0
23355,1000
23364,1000
23365,0
23366,1000
23367,0
23374,0
23375,0
23376,1000
23377,0
23378,0
23379,0
23392,0
23393,0
23394,0
23395,1000
23396,0
23397,1000
23404,1000
23405,0
23410,1000
23411,2000
23412,1000
23413,1500
23424,1000
23425,0
23434,0
23435,0
23436,1000
23437,1500
23440,0
23441,0
23452,0
23453,0
23460,0
23461,0
23462,0
23463,0
23476,1500
23477,1000
23478,1000
23479,1000
23484,0
23485,0
23488,0
23489,0
23500,0
23501,0
23502,1000
23503,1000
23504,1000
23505,1000
23506,0
23507,0
23508,1500
23509,1000
23512,0
23513,0
23514,1500
23515,0
23516,0
23517,0
23524,0
23525,1000
23526,0
23527,0
23542,0
23543,0
23544,0
23545,0
23546,0
23547,0
23548,1000
23549,0
23550,1000
23551,0
23554,1000
23555,0
23558,0
23559,0
23562,0
23563,0
23564,0
23565,1000
23576,0
23577,1000
23580,1500
23581,0
23584,0
23585,0
23586,2000
23587,0
23592,0
23593,1000
23598,1000
23599,0
23602,0
23603,0
23606,1500
23607,0
23624,0
23625,0
23626,0
23627,0
23628,1000
23629,1000
23630,1000
23631,0
23632,1500
23633,0
23636,0
23637,0
23644,0
23645,0
23650,0
23651,0
23654,0
23655,0
23660,0
23661,2000
23662,0
23663,1000
23672,0
23673,0
23674,1000
23675,0
23676,0
23677,0
23698,2000
23699,1500
23704,0
23705,0
23706,1500
23707,2000
23714,0
23715,1000
23716,0
23717,0
23734,0
23735,0
23744,0
23745,0
23748,0
23749,1000
23752,0
23753,1000
23768,1000
23769,0
23776,0
23777,0
23790,0
23791,0
23802,0
23803,0
23816,1000
23817,0
23836,1500
23837,0
23840,0
23841,0
23842,0
23843,0
23848,0
23849,1000
23856,0
23857,0
23860,0
23861,0
23874,0
23875,1500
23886,0
23887,0
23896,1000
23897,0
23912,0
23913,1000
23914,0
23915,0
23918,1000
23919,0
23920,0
23921,0
23922,0
23923,0
23934,0
23935,0
23942,1000
23943,0
23966,1000
23967,1000
23968,1500
23969,1000
23970,0
23971,0
23972,0
23973,0
23974,0
23975,0
23982,0
23983,0
23988,1000
23989,1500
24004,0
24005,1000
24006,0
24007,0
24018,1000
24019,0
24036,0
24037,0
24040,0
24041,0
24050,0
24051,0
24062,0
24063,0
24064,0
24065,0
24066,0
24067,0
24068,0
24069,0
24070,0
24071,2000
24088,1000
24089,0
24100,0
24101,0
24124,0
24125,1000
24128,0
24129,0
24138,0
24139,1000
24152,0
24153,1000
24158,1000
24159,1500
24160,1500
24161,0
24162,2000
24163,0
24166,1000
24167,0
24168,1500
24169,1000
24170,1000
24171,1000
24172,1500
24173,0
24174,0
24175,0
24180,1000
24181,0
24186,1000
24187,0
24188,0
24189,1000
24196,1000
24197,0
24214,0
24215,0
24220,0
24221,0
24228,0
24229,2000
24232,0
24233,0
24244,0
24245,0
24248,0
24249,0
24250,0
24251,0
24266,0
24267,0
24270,1500
24271,0
24278,1500
24279,0
24280,0
24281,1000
24282,0
24283,0
24288,0
24289,0
24294,0
24295,2000
24296,1000
24297,0
24302,1500
24303,0
24318,0
24319,0
24324,1500
24325,0
24328,1000
24329,0
24340,1000
24341,1000
24342,0
24343,1000
24344,0
24345,2000
24346,0
24347,0
24372,1000
24373,0
24378,0
24379,1000
24400,0
24401,0
24412,0
24413,0
24416,0
24417,1500
24420,0
24421,0
24426,0
24427,0
24430,0
24431,0
24432,0
24433,0
24440,1000
24441,0
24444,0
24445,1500
24450,0
24451,0
24456,1500
24457,1000
24466,0
24467,0
24468,0
24469,0
24470,1000
24471,0
24474,0
24475,0
24478,0
24479,0
24488,1000
24489,0
24490,0
24491,1000
24494,1000
24495,0
24500,0
24501,0
24512,1000
24513,0
24516,0
24517,0
24518,0
24519,1500
24522,0
24523,1500
24526,0
24527,2000
24530,1000
24531,1000
24556,1000
24557,0
24560,0
24561,0
24568,0
24569,2000
24570,0
24571,1000
24584,0
24585,0
24586,0
24587,0
24588,1000
24589,0
24592,0
24593,0
24594,0
24595,0
24596,0
24597,2000
24598,1000
24599,0
24602,0
24603,1000
24608,1000
24609,1000
24612,1000
24613,0
24624,2000
24625,0
24626,1500
24627,0
24628,0
24629,1000
24640,1000
24641,0
24646,0
24647,2000
24648,0
24649,0
24650,1500
24651,1000
24652,0
24653,1500
24654,0
24655,0
24658,0
24659,0
24668,1000
24669,0
24670,0
24671,0
24674,0
24675,1000
24676,0
24677,1000
24678,0
24679,0
24680,0
24681,1000
24686,0
24687,1000
24692,0
24693,0
24704,1000
24705,0
24712,2000
24713,0
24718,1000
24719,2000
24728,0
24729,1500
24734,1000
24735,0
24738,1000
24739,0
24744,0
24745,0
24750,1000
24751,0
24752,0
24753,0
24758,0
24759,1500
24768,0
24769,0
24794,0
24795,0
24800,1000
24801,0
24806,0
24807,0
24812,0
24813,0
24814,0
24815,0
24834,0
24835,1000
24838,0
24839,0
24840,0
24841,0
24846,0
24847,0
24848,0
24849,1000
24850,0
24851,1000
24852,0
24853,2000
24854,1000
24855,0
24856,0
24857,1000
24860,0
24861,1500
24868,0
24869,0
24872,0
24873,0
24876,1000
24877,0
24878,0
24879,1500
24884,0
24885,0
24890,1500
24891,0
24900,1000
24901,0
24914,0
24915,1500
24918,0
24919,0
24920,0
24921,0
24922,0
24923,0
24928,1000
24929,0
24932,1500
24933,0
24934,1500
24935,0
24940,0
24941,1000
24942,1500
24943,0
24952,0
24953,0
24956,0
24957,1000
24962,0
24963,1000
24972,0
24973,0
24978,0
24979,1000
24992,0
24993,0
24996,0
24997,1000
25002,1000
25003,1000
25014,0
25015,1000
25018,1000
25019,0
25038,0
25039,0
25040,0
25041,1000
25050,0
25051,0
25064,0
25065,0
25066,0
25067,0
25086,0
25087,0
25098,0
25099,1500
25116,0
25117,1000
25124,0
25125,0
25132,0
25133,0
25140,1000
25141,0
25146,0
25147,0
25162,0
25163,0
25166,0
25167,0
25178,0
25179,0
25184,0
25185,0
25206,0
25207,0
25216,0
25217,0
25218,0
25219,0
25224,1000
25225,0
25230,1500
25231,0
25234,0
25235,0
25236,0
25237,0
25242,1000
25243,0
25246,0
25247,1000
25248,0
25249,0
25250,0
25251,0
25252,1000
25253,0
25260,0
25261,1000
25274,0
25275,0
25280,0
25281,1000
25292,1500
25293,0
25294,1000
25295,0
25296,0
25297,0
25304,0
25305,1500
25306,0
25307,0
25308,0
25309,0
25318,1500
25319,1000
25324,0
25325,0
25330,0
25331,0
25344,1500
25345,1000
25348,0
25349,1000
25350,1000
25351,1000
25354,1000
25355,1000
25362,0
25363,0
25372,0
25373,0
25374,1000
25375,1500
25378,1500
25379,1000
25380,0
25381,1000
25382,0
25383,2000
25384,0
25385,2000
25394,0
25395,0
25398,0
25399,0
25402,1000
25403,0
25408,0
25409,0
25420,0
25421,0
25422,0
25423,0
25432,0
25433,0
25456,0
25457,1000
25460,0
25461,0
25466,0
25467,0
25470,0
25471,0
25474,0
25475,0
25478,1500
25479,1000
25480,1000
25481,0
25482,0
25483,0
25484,0
25485,0
25486,0
25487,0
25492,0
25493,1000
25496,0
25497,0
25498,0
25499,0
25506,1000
25507,0
25514,0
25515,0
25516,0
25517,1500
25538,0
25539,0
25540,0
25541,0
25542,1000
25543,1000
25550,0
25551,0
25554,0
25555,0
25556,1000
25557,0
25558,1000
25559,0
25566,0
25567,0
25574,2000
25575,1000
25588,0
25589,0
25592,0
25593,0
25600,0
25601,0
25602,1500
25603,0
25608,0
25609,1500
25612,0
25613,0
25624,0
25625,0
25626,0
25627,1000
25636,0
25637,0
25638,0
25639,0
25642,0
25643,0
25648,0
25649,0
25650,0
25651,1000
25652,1500
25653,0
25656,0
25657,0
25660,0
25661,0
25666,1000
25667,0
25684,0
25685,0
25686,1000
25687,0
25688,0
25689,0
25690,1000
25691,1500
25692,0
25693,0
25694,1000
25695,0
25698,0
25699,1000
25700,1500
25701,1500
25702,0
25703,1000
25708,0
25709,0
25710,1500
25711,1500
25712,0
25713,0
25714,1000
25715,1000
25722,0
25723,0
25728,1500
25729,1500
25732,0
25733,0
25742,0
25743,0
25748,0
25749,0
25754,0
25755,0
25768,1000
25769,0
25770,0
25771,0
25772,0
25773,1000
25774,0
25775,0
25780,1000
25781,0
25790,0
25791,0
25796,0
25797,0
25810,0
25811,0
25814,0
25815,0
25816,0
25817,0
25826,1000
25827,0
25828,1000
25829,0
25844,1000
25845,0
25846,0
25847,0
25848,0
25849,1000
25852,0
25853,0
25854,0
25855,0
25858,0
25859,0
25864,1000
25865,0
25868,0
25869,0
25870,0
25871,0
25874,0
25875,0
25876,1000
25877,0
25878,0
25879,0
25892,1000
25893,1500
25896,1000
25897,0
25900,2000
25901,0
25928,1000
25929,1000
25930,0
25931,0
25936,0
25937,0
25938,0
25939,1000
25952,1000
25953,0
25958,0
25959,0
25966,0
25967,0
25970,0
25971,1000
25972,0
25973,0
25974,0
25975,0
25976,0
25977,0
25980,1000
25981,0
25984,1000
25985,0
25988,2000
25989,0
25992,1000
25993,0
25994,0
25995,1000
25996,0
25997,1000
26008,0
26009,1000
26020,0
26021,0
26022,0
26023,0
26030,1000
26031,1000
26032,0
26033,0
26034,1000
26035,0
26036,1000
26037,0
26044,1000
26045,1000
26050,1000
26051,0
26052,0
26053,1500
26054,0
26055,0
26058,0
26059,1000
26072,0
26073,1000
26074,0
26075,0
26076,1000
26077,0
26084,0
26085,1000
26092,0
26093,0
26094,0
26095,0
26096,0
26097,1000
26098,0
26099,1500
26104,0
26105,0
26108,1000
26109,2000
26116,0
26117,0
26118,0
26119,0
26122,1000
26123,0
26132,1500
26133,1500
26134,1000
26135,1500
26136,0
26137,1500
26140,0
26141,0
26144,1000
26145,0
26146,0
26147,0
26158,0
26159,1000
26172,0
26173,0
26176,0
26177,0
26182,1000
26183,0
26196,0
26197,0
26202,0
26203,0
26226,0
26227,0
26238,0
26239,0
26240,0
26241,0
26250,0
26251,0
26264,0
26265,0
26276,0
26277,0
26280,1000
26281,0
26282,1500
26283,0
26286,1500
26287,0
26306,1000
26307,1000
26326,1000
26327,0
26328,2000
26329,0
26330,0
26331,0
26336,1500
26337,0
26340,1500
26341,1000
26344,0
26345,0
26350,1000
26351,0
26354,0
26355,0
26370,0
26371,0
26372,1000
26373,0
26388,0
26389,1500
26406,0
26407,1000
26408,1000
26409,2000
26410,0
26411,0
26418,0
26419,0
26420,1000
26421,0
26424,0
26425,0
26426,1500
26427,0
26428,1500
26429,1000
26430,0
26431,0
26432,0
26433,1000
26438,1500
26439,0
26446,0
26447,1000
26448,0
26449,1000
26450,1000
26451,0
26458,0
26459,0
26462,0
26463,1500
26464,0
26465,1000
26472,0
26473,0
26474,1500
26475,1000
26480,1000
26481,0
26490,0
26491,0
26496,1500
26497,0
26498,1000
26499,0
26506,1000
26507,0
26512,0
26513,0
26540,1000
26541,1000
26542,0
26543,0
26546,0
26547,0
26550,1000
26551,2000
26552,0
26553,0
26560,1500
26561,0
26578,0
26579,0
26584,0
26585,0
26586,0
26587,0
26610,0
26611,0
26612,0
26613,0
26622,1000
26623,0
26638,1000
26639,0
26650,0
26651,1000
26654,0
26655,0
26658,0
26659,0
26660,0
26661,1000
26662,0
26663,0
26666,0
26667,1000
26674,0
26675,0
26676,0
26677,0
26682,0
26683,0
26684,1000
26685,0
26686,0
26687,0
26688,0
26689,0
26690,0
26691,1000
26692,0
26693,0
26694,0
26695,1000
26696,2000
26697,0
26698,0
26699,0
26708,0
26709,0
26712,0
26713,0
26724,1000
26725,0
26726,0
26727,1000
26728,1000
26729,0
26736,0
26737,0
26746,0
26747,0
26778,2000
26779,0
26794,0
26795,1000
26796,0
26797,0
26798,1000
26799,0
26808,0
26809,0
26810,0
26811,0
26826,0
26827,0
26830,0
26831,0
26834,0
26835,0
26838,0
26839,1000
26842,2000
26843,0
26848,1000
26849,0
26850,0
26851,0
26852,1000
26853,0
26854,0
26855,0
26858,0
26859,0
26868,0
26869,0
26878,0
26879,0
26880,0
26881,0
26890,1000
26891,1000
26892,1000
26893,0
26896,2000
26897,0
26904,0
26905,1000
26906,1000
26907,0
26912,1000
26913,0
26914,1000
26915,2000
26916,1500
26917,0
26922,1500
26923,0
26934,0
26935,0
26940,1000
26941,0
26946,0
26947,0
26948,1500
26949,2000
26950,1000
26951,0
26956,0
26957,0
26968,0
26969,1500
26972,1000
26973,0
26986,1000
26987,1000
26988,1500
26989,1000
26994,1500
26995,1000
27002,0
27003,0
27010,1000
27011,0
27014,1000
27015,0
27040,0
27041,0
27046,0
27047,0
27048,0
27049,0
27054,1500
27055,0
27060,1000
27061,0
27062,2000
27063,1500
27072,0
27073,0
27074,0
27075,1500
27078,0
27079,0
27084,0
27085,0
27096,1000
27097,0
27100,0
27101,0
27102,1000
27103,0
27112,0
27113,0
27126,0
27127,0
27140,0
27141,1500
27148,0
27149,0
27156,1500
27157,1000
27158,0
27159,0
27166,0
27167,0
27168,0
27169,1000
27170,0
27171,0
27172,0
27173,0
27178,1000
27179,0
27180,1000
27181,0
27186,0
27187,0
27194,0
27195,0
27198,0
27199,0
27200,0
27201,0
27202,0
27203,0
27208,0
27209,1000
27216,1500
27217,1000
27218,0
27219,0
27222,0
27223,0
27226,0
27227,0
27232,0
27233,1000
27236,0
27237,1500
27240,0
27241,1500
27246,0
27247,2000
27256,0
27257,0
27258,0
27259,0
27260,1000
27261,0
27266,1000
27267,0
27270,0
27271,1000
27272,1000
27273,1500
27280,1000
27281,0
27288,0
27289,0
27292,0
27293,0
27306,0
27307,1500
27308,0
27309,1500
27314,0
27315,0
27316,1000
27317,1000
27334,0
27335,1500
27338,1000
27339,0
27340,1000
27341,1000
27344,0
27345,0
27346,0
27347,0
27352,1000
27353,0
27362,1500
27363,1000
27364,2000
27365,0
27368,1000
27369,0
27390,0
27391,0
27392,1000
27393,0
27404,1000
27405,0
27410,0
27411,0
27424,0
27425,0
27428,1000
27429,1500
27430,0
27431,0
27438,1000
27439,0
27442,1500
27443,1000
27446,0
27447,0
27448,0
27449,0
27450,0
27451,0
27456,0
27457,0
27458,1500
27459,0
27462,0
27463,0
27466,0
27467,0
27468,1000
27469,0
27470,0
27471,0
27474,0
27475,2000
27482,1500
27483,0
27484,1000
27485,1500
27488,0
27489,0
27502,0
27503,1000
27504,1000
27505,0
27506,1000
27507,1000
27512,0
27513,0
27520,0
27521,0
27522,0
27523,0
27540,0
27541,2000
27550,0
27551,0
27562,0
27563,1000
27564,0
27565,1500
27566,1000
27567,0
27574,1500
27575,0
27594,0
27595,0
27602,2000
27603,2000
27604,0
27605,1000
27606,0
27607,0
27616,1500
27617,0
27628,1000
27629,1000
27630,0
27631,0
27632,0
27633,0
27638,0
27639,0
27648,2000
27649,1000
27650,0
27651,0
27654,1000
27655,1000
27660,0
27661,0
27666,0
27667,1000
27672,0
27673,0
27676,0
27677,0
27680,0
27681,0
27700,0
27701,1000
27706,0
27707,0
27714,0
27715,0
27732,0
27733,0
27736,0
27737,0
27744,0
27745,0
27746,1000
27747,1000
27752,0
27753,0
27756,0
27757,1000
27762,0
27763,1000
27772,0
27773,0
27778,1000
27779,0
27780,1000
27781,0
27788,1000
27789,1000
27794,0
27795,1500
27796,0
27797,0
27798,0
27799,0
27804,0
27805,2000
27810,1000
27811,1500
27814,0
27815,1500
27826,1500
27827,0
27830,0
27831,0
27834,0
27835,0
27850,0
27851,0
27858,1000
27859,0
27862,2000
27863,0
27864,0
27865,0
27876,0
27877,1000
27882,0
27883,0
27884,0
27885,1500
27886,1000
27887,1000
27890,1000
27891,0
27894,0
27895,0
27904,1500
27905,1000
27906,1500
27907,0
27914,0
27915,0
27916,1000
27917,0
27920,1000
27921,0
27934,1000
27935,1000
27948,1500
27949,0
27952,0
27953,2000
27962,0
27963,1000
27964,0
27965,0
27970,0
27971,0
27972,0
27973,0
27976,0
27977,0
27978,0
27979,0
27980,0
27981,1500
28004,0
28005,1000
28006,0
28007,0
28008,0
28009,0
28016,0
28017,0
28022,1000
28023,0
28024,0
28025,1500
28026,1000
28027,0
28032,1000
28033,0
28034,1000
28035,1000
28038,0
28039,0
28046,0
28047,0
28054,1500
28055,0
28062,0
28063,1000
28066,0
28067,2000
28070,1000
28071,0
28078,0
28079,0
28084,0
28085,1000
28086,1000
28087,0
28090,0
28091,0
28092,0
28093,0
28094,0
28095,0
28098,1000
28099,1000
28104,0
28105,0
28106,1000
28107,1000
28108,0
28109,0
28122,0
28123,1000
28138,0
28139,1500
28140,0
28141,0
28164,0
28165,1000
28178,1000
28179,1500
28180,0
28181,0
28182,0
28183,1000
28184,0
28185,1000
28186,0
28187,0
28188,0
28189,0
28190,1500
28191,1000
28192,0
28193,2000
28194,0
28195,0
28200,0
28201,0
28206,1000
28207,0
28214,1500
28215,0
28220,0
28221,0
28224,0
28225,1500
28230,0
28231,0
28232,0
28233,0
28234,0
28235,0
28240,0
28241,0
28246,1500
28247,0
28252,1000
28253,1000
28254,1500
28255,0
28262,1000
28263,0
28274,0
28275,1000
28278,1500
28279,1000
28282,0
28283,0
28284,0
28285,0
28294,1000
28295,0
28298,0
28299,1000
28302,0
28303,2000
28314,0
28315,1000
28316,0
28317,0
28318,1000
28319,0
28330,0
28331,1000
28344,1000
28345,0
28350,0
28351,1000
28356,0
28357,0
28358,1000
28359,0
28360,1000
28361,0
28362,1000
28363,0
28368,0
28369,0
28374,0
28375,0
28378,0
28379,0
28386,1500
28387,0
28390,0
28391,0
28392,1000
28393,0
28398,1500
28399,0
28406,1000
28407,0
28412,0
28413,1500
28414,2000
28415,1000
28422,1000
28423,0
28424,0
28425,0
28434,0
28435,0
28442,1000
28443,0
28452,0
28453,0
28456,0
28457,1000
28460,0
28461,0
28466,0
28467,0
28468,0
28469,0
28470,1000
28471,0
28474,0
28475,1000
28486,0
28487,0
28496,0
28497,2000
28504,1000
28505,1000
28506,0
28507,1000
28516,1500
28517,1000
28518,0
28519,0
28520,0
28521,0
28522,1000
28523,1500
28526,0
28527,1000
28530,0
28531,1000
28536,0
28537,0
28550,1000
28551,0
28572,0
28573,0
28576,1000
28577,0
28580,1000
28581,1000
28584,0
28585,0
28596,1500
28597,0
28604,0
28605,1000
28610,1000
28611,0
28612,2000
28613,1000
28618,0
28619,0
28620,1000
28621,0
28626,1500
28627,0
28628,0
28629,0
28632,0
28633,0
28634,0
28635,0
28636,2000
28637,1000
28642,0
28643,0
28646,0
28647,0
28648,1000
28649,0
28652,1000
28653,1500
28654,0
28655,1000
28656,1000
28657,0
28658,0
28659,2000
28672,0
28673,0
28674,1000
28675,0
28684,0
28685,1000
28688,0
28689,0
28690,0
28691,1000
28692,0
28693,1500
28710,0
28711,0
28722,0
28723,0
28730,2000
28731,0
28736,0
28737,0
28738,0
28739,0
28744,0
28745,0
28746,0
28747,0
28752,0
28753,0
28764,0
28765,1000
28770,1000
28771,1000
28772,0
28773,0
28774,1000
28775,0
28778,1000
28779,2000
28784,0
28785,1000
28792,0
28793,0
28794,0
28795,0
28798,0
28799,0
28800,2000
28801,0
28802,1000
28803,1000
28804,0
28805,2000
28810,0
28811,1000
28818,1000
28819,1000
28820,0
28821,0
28826,0
28827,0
28830,0
28831,1500
28832,0
28833,0
28834,1500
28835,1000
28838,0
28839,0
28850,0
28851,0
28852,1000
28853,0
28866,0
28867,0
28876,0
28877,0
28878,0
28879,0
28892,1000
28893,1500
28898,1000
28899,1500
28904,1000
28905,1000
28912,1000
28913,0
28916,1000
28917,0
28930,1000
28931,0
28936,0
28937,0
28946,1500
28947,2000
28952,0
28953,0
28954,0
28955,0
28956,0
28957,1000
28974,0
28975,0
28990,2000
28991,0
28992,0
28993,1500
28998,1500
28999,1500
29000,1000
29001,1500
29010,1000
29011,1000
29022,2000
29023,1000
29024,0
29025,0
29026,1000
29027,1000
29038,0
29039,0
29040,0
29041,0
29048,0
29049,0
29050,1000
29051,0
29052,1000
29053,0
29054,0
29055,1500
29058,1000
29059,2000
29062,1000
29063,1000
29064,0
29065,1000
29078,0
29079,0
29080,1000
29081,0
29082,0
29083,1500
29084,0
29085,0
29086,1500
29087,1000
29088,0
29089,0
29098,0
29099,1500
29100,0
29101,0
29106,0
29107,1000
29116,1500
29117,0
29118,0
29119,1000
29120,0
29121,0
29122,0
29123,0
29128,0
29129,0
29134,0
29135,0
29136,0
29137,1500
29142,0
29143,1500
29144,1000
29145,1000
29152,0
29153,1000
29156,0
29157,0
29158,0
29159,0
29164,1000
29165,1000
29168,0
29169,0
29172,0
29173,0
29180,1000
29181,0
29202,0
29203,0
29206,0
29207,0
29208,1000
29209,0
29210,0
29211,0
29212,0
29213,0
29220,0
29221,0
29226,0
29227,1000
29232,0
29233,0
29234,0
29235,0
29236,0
29237,0
29240,0
29241,0
29244,0
29245,0
29262,0
29263,0
29266,1500
29267,0
29272,1500
29273,1000
29284,0
29285,0
29296,0
29297,1000
29302,1000
29303,0
29306,0
29307,0
29310,1000
29311,1000
29340,0
29341,0
29352,0
29353,1000
29356,0
29357,0
29360,1500
29361,0
29363,0
29382,1000
29383,0
29386,0
29387,0
29388,1000
29389,0
29398,2000
29399,0
29402,0
29403,0
29410,0
29411,1000
29414,0
29415,2000
29418,0
29419,1500
29424,0
29425,2000
29428,0
29429,0
29432,0
29433,1000
29440,1000
29441,1500
29458,0
29459,0
29466,0
29467,0
29478,0
29479,2000
29482,1500
29483,1000
29488,1000
29489,0
29492,1000
29493,0
29504,0
29505,1000
29526,0
29527,1500
29528,1000
29529,0
29530,0
29531,1500
29534,1000
29535,0
29538,0
29539,0
29558,0
29559,0
29560,0
29561,0
29568,1000
29569,1000
29574,0
29575,0
29582,0
29583,0
29584,0
29585,0
29590,0
29591,1000
29592,0
29593,0
29598,1000
29599,0
29604,0
29605,1500
29610,2000
29611,0
29612,1000
29613,0
29614,0
29615,1500
29624,0
29625,0
29628,0
29629,0
29632,1000
29633,0
29638,0
29639,1500
29640,0
29641,1000
29652,0
29653,0
29654,2000
29655,1000
29658,0
29659,0
29660,0
29661,0
29670,0
29671,0
29682,0
29683,0
29684,0
29685,0
29700,0
29701,0
29704,0
29705,0
29712,1000
29713,0
29716,1000
29717,1000
29722,0
29723,0
29724,0
29725,0
29728,0
29729,0
29730,0
29731,1000
29744,0
29745,0
29760,1000
29761,0
29768,0
29769,1500
29770,0
29771,0
29772,0
29773,0
29784,0
29785,1000
29788,1000
29789,0
29796,1000
29797,0
29798,0
29799,0
29808,1000
29809,1000
29812,0
29813,0
29820,0
29821,1000
29824,0
29825,0
29828,0
29829,0
29830,1000
29831,0
29834,0
29835,0
29842,1500
29843,0
29844,0
29845,0
29848,1000
29849,0
29860,0
29861,1000
29876,0
29877,0
29880,0
29881,0
29886,0
29887,0
29888,1000
29889,0
29896,0
29897,0
29906,0
29907,0
29908,0
29909,1000
29916,0
29917,1000
29920,1500
29921,0
29924,0
29925,0
29926,0
29927,0
29928,1500
29929,0
29932,1000
29933,0
29934,0
29935,0
29936,0
29937,1500
29938,0
29939,1500
29940,1000
29941,1500
29944,0
29945,1000
29946,2000
29947,1000
29952,0
29953,0
29966,0
29967,0
29974,1000
29975,0
29980,1500
29981,1000
29982,0
29983,0
29984,0
29985,0
29988,0
29989,0
30000,0
30001,0
30012,0
30013,0
30032,0
30033,1000
30042,1000
30043,0
30046,0
30047,0
30048,1000
30049,1500
30050,0
30051,0
30054,1000
30055,0
30058,1000
30059,1000
30074,0
30075,0
30078,1000
30079,0
30084,1000
30085,0
30086,0
30087,1000
30098,0
30099,0
30100,1000
30101,0
30104,1000
30105,0
30106,0
30107,1000
30112,0
30113,0
30124,1000
30125,0
30128,0
30129,0
30142,0
30143,0
30148,0
30149,0
30150,0
30151,1500
30154,1000
30155,0
30158,0
30159,0
30160,2000
30161,0
30164,1000
30165,1000
30168,0
30169,0
30182,0
30183,0
30190,1000
30191,1000
30194,1000
30195,0
30196,0
30197,0
30202,0
30203,0
30214,0
30215,0
30216,0
30217,1000
30226,1000
30227,0
30232,0
30233,0
30242,0
30243,0
30244,1000
30245,0
30250,0
30251,0
30266,0
30267,0
30272,0
30273,2000
30278,1000
30279,1500
30280,1500
30281,0
30282,0
30283,0
30284,0
30285,0
30290,0
30291,0
30298,0
30299,0
30300,1000
30301,0
30302,1000
30303,1500
30308,0
30309,0
30312,0
30313,1000
30314,1000
30315,0
30316,0
30317,0
30318,1000
30319,0
30320,0
30321,0
30334,0
30335,0
30342,0
30343,0
30346,1000
30347,0
30352,1500
30353,0
30358,0
30359,0
30360,1000
30361,1000
30368,0
30369,0
30370,1000
30371,0
30386,0
30387,1000
30388,0
30389,0
30390,2000
30391,0
30396,1500
30397,0
30406,0
30407,0
30408,0
30409,0
30416,0
30417,0
30418,0
30419,1000
30422,1000
30423,0
30424,0
30425,0
30428,0
30429,1500
30432,1000
30433,0
30438,1500
30439,0
30442,0
30443,0
30454,0
30455,0
30456,0
30457,1000
30458,0
30459,0
30484,0
30485,0
30492,0
30493,0
30510,0
30511,1000
30512,0
30513,0
30518,0
30519,1500
30530,0
30531,1000
30542,1000
30543,0
30548,0
30549,0
30552,0
30553,1000
30558,0
30559,1000
30562,0
30563,0
30564,0
30565,0
30570,2000
30571,0
30574,1000
30575,0
30578,0
30579,1000
30584,0
30585,0
30586,0
30587,0
30602,1000
30603,1000
30608,1000
30609,0
30612,0
30613,0
30614,0
30615,0
30616,1000
30617,1000
30618,0
30619,1000
30628,0
30629,1000
30640,0
30641,0
30644,0
30645,0
30646,1000
30647,0
30648,0
30649,0
30652,0
30653,0
30662,0
30663,0
30666,0
30667,1000
30670,0
30671,0
30674,1500
30675,1000
30680,1000
30681,0
30684,0
30685,1500
30686,0
30687,0
30690,1000
30691,1500
30692,0
30693,0
30696,0
30697,0
30700,1000
30701,0
30702,0
30703,1000
30710,1000
30711,0
30712,0
30713,1500
30726,1500
30727,0
30734,1000
30735,0
30742,0
30743,0
30744,0
30745,0
30748,1000
30749,0
30758,0
30759,0
30760,1500
30761,0
30766,0
30767,0
30768,1000
30769,0
30778,0
30779,1500
30792,0
30793,0
30798,0
30799,1000
30802,1500
30803,0
30804,1000
30805,1000
30806,1000
30807,0
30810,0
30811,2000
30812,1000
30813,1000
30822,0
30823,0
30826,1500
30827,1000
30838,0
30839,2000
30840,1000
30841,0
30842,0
30843,0
30854,0
30855,0
30862,1000
30863,1000
30868,1000
30869,0
30878,1000
30879,0
30884,0
30885,1500
30896,0
30897,1500
30900,0
30901,1000
30902,0
30903,0
30906,0
30907,0
30912,0
30913,0
30914,0
30915,1000
30918,1000
30919,0
30928,0
30929,0
30930,0
30931,0
30932,1000
30933,0
30936,0
30937,0
30944,0
30945,0
30946,1500
30947,2000
30950,0
30951,0
30952,0
30953,0
30958,0
30959,0
30964,1000
30965,0
30966,0
30967,1000
30968,0
30969,1000
30970,0
30971,0
30982,1000
30983,0
30992,0
30993,1000
30996,2000
30997,0
30998,0
30999,0
31000,0
31001,1000
31002,0
31003,0
31006,0
31007,0
31014,0
31015,1000
31016,0
31017,1500
31026,0
31027,0
31028,0
31029,0
31040,0
31041,0
31052,0
31053,1000
31060,0
31061,0
31068,0
31069,0
31072,0
31073,1000
31074,0
31075,0
31080,0
31081,1000
31098,0
31099,0
31102,0
31103,0
31104,1500
31105,0
31108,0
31109,0
31118,0
31119,0
31128,0
31129,1000
31136,0
31137,2000
31142,0
31143,1000
31144,0
31145,0
31146,0
31147,0
31148,0
31149,0
31158,0
31159,0
31164,1000
31165,1000
31178,0
31179,0
31188,0
31189,0
31190,0
31191,0
31196,1500
31197,1000
31214,1500
31215,1500
31224,0
31225,1000
31230,0
31231,0
31242,0
31243,0
31244,0
31245,0
31248,0
31249,0
31256,2000
31257,0
31262,0
31263,0
31268,0
31269,0
31270,1000
31271,0
31272,0
31273,1500
31292,1000
31293,1000
31294,0
31295,0
31300,1000
31301,0
31310,1000
31311,1000
31312,1000
31313,1000
31316,0
31317,0
31318,0
31319,0
31320,0
31321,0
31330,0
31331,1000
31332,0
31333,1000
31334,0
31335,1000
31338,0
31339,0
31346,0
31347,0
31348,2000
31349,1000
31350,1000
31351,1000
31364,0
31365,0
31368,1000
31369,0
31372,0
31373,1500
31376,1000
31377,0
31378,1000
31379,0
31382,0
31383,0
31384,0
31385,1000
31400,0
31401,0
31404,2000
31405,0
31406,0
31407,0
31416,0
31417,0
31422,0
31423,0
31424,0
31425,0
31426,0
31427,0
31430,0
31431,0
31434,0
31435,1000
31442,1000
31443,0
31446,1000
31447,0
31452,0
31453,0
31454,0
31455,0
31456,0
31457,0
31462,1000
31463,0
31466,1000
31467,0
31476,1000
31477,0
31480,0
31481,0
31484,0
31485,0
31486,0
31487,1500
31496,1500
31497,0
31500,0
31501,0
31516,0
31517,0
31530,0
31531,0
31542,1000
31543,0
31548,0
31549,0
31554,1500
31555,0
31570,0
31571,0
31582,1000
31583,0
31586,0
31587,0
31594,1000
31595,1000
31596,1000
31597,0
31604,0
31605,1000
31606,0
31607,0
31608,0
31609,0
31612,1000
31613,1500
31616,0
31617,0
31618,0
31619,0
31622,1000
31623,0
31626,0
31627,0
31628,0
31629,0
31644,1000
31645,0
31646,1000
31647,0
31650,1000
31651,1000
31652,1000
31653,0
31662,0
31663,0
31668,1500
31669,0
31672,0
31673,0
31674,0
31675,0
31676,1000
31677,0
31686,0
31687,0
31688,1500
31689,0
31690,0
31691,0
31692,2000
31693,0
31710,0
31711,0
31712,0
31713,0
31718,0
31719,0
31720,0
31721,0
31730,0
31731,1000
31736,1500
31737,0
31748,0
31749,0
31754,0
31755,0
31760,0
31761,0
31762,1000
31763,0
31766,0
31767,0
31770,1500
31771,1500
31776,0
31777,0
31780,0
31781,1000
31782,0
31783,0
31786,0
31787,0
31788,1000
31789,0
31816,2000
31817,0
31828,1000
31829,1000
31840,1000
31841,1500
31846,0
31847,0
31850,0
31851,0
31854,0
31855,0
31856,0
31857,0
31860,2000
31861,0
31864,0
31865,0
31866,0
31867,0
31872,1000
31873,0
31878,0
31879,0
31902,1000
31903,0
31908,0
31909,0
31924,1500
31925,0
31926,1500
31927,1000
31934,0
31935,0
31936,0
31937,0
31938,1000
31939,1000
31940,0
31941,0
31942,0
31943,0
31954,0
31955,0
31966,1000
31967,0
31970,0
31971,1000
31974,0
31975,0
31982,1500
31983,1000
32000,0
32001,0
32002,1000
32003,0
32008,1000
32009,0
32012,2000
32013,0
32016,1500
32017,0
32030,1000
32031,1000
32032,0
32033,1000
32034,1000
32035,0
32050,0
32051,0
32052,1000
32053,0
32062,0
32063,0
32070,1000
32071,1500
32078,1000
32079,0
32082,1000
32083,0
32084,0
32085,0
32088,1500
32089,0
32094,0
32095,0
32100,0
32101,0
32108,0
32109,0
32112,0
32113,0
32116,0
32117,0
32120,0
32121,1000
32124,0
32125,0
32134,0
32135,1000
32136,0
32137,1000
32140,0
32141,0
32150,1000
32151,1000
32156,1000
32157,0
32162,0
32163,0
32176,0
32177,0
32180,0
32181,0
32188,0
32189,2000
32192,0
32193,0
32196,1500
32197,0
32206,0
32207,0
32210,1000
32211,1000
32212,0
32213,0
32218,0
32219,1500
32226,0
32227,1500
32230,1500
32231,0
32232,1000
32233,0
32244,0
32245,0
32256,0
32257,1000
32276,0
32277,1500
32278,0
32279,1000
32290,1000
32291,1000
32298,0
32299,0
32300,0
32301,0
32302,0
32303,0
32304,0
32305,0
32308,2000
32309,1000
32316,0
32317,1000
32318,1000
32319,1000
32324,0
32325,0
32330,1000
32331,0
32334,0
32335,0
32340,0
32341,0
32342,0
32343,0
32358,1000
32359,0
32360,0
32361,0
32374,0
32375,0
32380,1000
32381,0
32382,2000
32383,1000
32404,0
32405,0
32408,1500
32409,0
32420,0
32421,0
32430,1000
32431,0
32440,0
32441,1000
32444,0
32445,0
32446,0
32447,0
32456,1500
32457,0
32458,1500
32459,0
32460,1500
32461,1000
32466,0
32467,0
32470,0
32471,0
32472,0
32473,0
32478,1000
32479,0
32482,0
32483,1500
32486,0
32487,0
32492,0
32493,0
32498,0
32499,1000
32502,0
32503,0
32516,0
32517,0
32518,0
32519,0
32520,0
32521,0
32524,0
32525,0
32530,0
32531,0
32534,0
32535,0
32538,0
32539,0
32546,0
32547,1000
32548,1000
32549,1000
32554,0
32555,1000
32556,1500
32557,1000
32572,0
32573,0
32574,0
32575,1500
32576,1000
32577,0
32588,0
32589,0
32590,0
32591,0
32592,0
32593,0
32594,0
32595,1000
32596,0
32597,0
32598,0
32599,0
32600,0
32601,1500
32604,0
32605,0
32616,0
32617,0
32620,1500
32621,0
32628,1000
32629,0
32632,1500
32633,1000
32634,0
32635,0
32636,1000
32637,0
32651,1000
32660,0
32661,0
32662,0
32663,0
